{
    "Adrenocortical carcinoma": {
        "accuracy": {
            "mean": 0.6666666666666666,
            "std": 0.0
        },
        "precision": {
            "mean": 0.8444444444444444,
            "std": 0.07777777777777775
        },
        "recall": {
            "mean": 0.6666666666666666,
            "std": 0.0
        },
        "f1": {
            "mean": 0.6944444444444444,
            "std": 0.024845199749997673
        }
    },
    "Bladder Urothelial Carcinoma": {
        "accuracy": {
            "mean": 0.59,
            "std": 0.03741657386773941
        },
        "precision": {
            "mean": 0.48025802960480385,
            "std": 0.08556562779238401
        },
        "recall": {
            "mean": 0.59,
            "std": 0.03741657386773941
        },
        "f1": {
            "mean": 0.5034717212744345,
            "std": 0.05047102599880222
        }
    },
    "Breast invasive carcinoma": {
        "accuracy": {
            "mean": 0.8531914893617021,
            "std": 0.012406280627330422
        },
        "precision": {
            "mean": 0.8586260527160938,
            "std": 0.006998544261128434
        },
        "recall": {
            "mean": 0.8531914893617021,
            "std": 0.012406280627330422
        },
        "f1": {
            "mean": 0.8546267738853212,
            "std": 0.009303622663738463
        }
    },
    "Cholangiocarcinoma": {
        "accuracy": {
            "mean": 0.43999999999999995,
            "std": 0.14966629547095764
        },
        "precision": {
            "mean": 0.33666666666666667,
            "std": 0.16138291249213607
        },
        "recall": {
            "mean": 0.43999999999999995,
            "std": 0.14966629547095764
        },
        "f1": {
            "mean": 0.34800000000000003,
            "std": 0.14879665468163067
        }
    },
    "Colon adenocarcinoma": {
        "accuracy": {
            "mean": 0.775,
            "std": 0.023385358667337132
        },
        "precision": {
            "mean": 0.7962469362745097,
            "std": 0.017550655158818096
        },
        "recall": {
            "mean": 0.775,
            "std": 0.023385358667337132
        },
        "f1": {
            "mean": 0.7597087529109883,
            "std": 0.02467082174626328
        }
    },
    "Esophageal carcinoma": {
        "accuracy": {
            "mean": 0.76,
            "std": 0.032659863237109094
        },
        "precision": {
            "mean": 0.7943809523809524,
            "std": 0.03347202439700294
        },
        "recall": {
            "mean": 0.76,
            "std": 0.032659863237109094
        },
        "f1": {
            "mean": 0.7700280112044817,
            "std": 0.03191888734409409
        }
    },
    "Head and Neck squamous cell carcinoma": {
        "accuracy": {
            "mean": 0.5866666666666666,
            "std": 0.0301436888138901
        },
        "precision": {
            "mean": 0.7498646983868862,
            "std": 0.024573847418903557
        },
        "recall": {
            "mean": 0.5866666666666666,
            "std": 0.0301436888138901
        },
        "f1": {
            "mean": 0.6252124967504492,
            "std": 0.026021933910899145
        }
    },
    "Kidney Chromophobe": {
        "accuracy": {
            "mean": 0.8545454545454545,
            "std": 0.04453617714151229
        },
        "precision": {
            "mean": 0.8460606060606061,
            "std": 0.054424107443984605
        },
        "recall": {
            "mean": 0.8545454545454545,
            "std": 0.04453617714151229
        },
        "f1": {
            "mean": 0.8421671258034895,
            "std": 0.055903196325230144
        }
    },
    "Kidney renal clear cell carcinoma": {
        "accuracy": {
            "mean": 0.8208333333333334,
            "std": 0.02124591463996994
        },
        "precision": {
            "mean": 0.8348421717171718,
            "std": 0.022231048092381668
        },
        "recall": {
            "mean": 0.8208333333333334,
            "std": 0.02124591463996994
        },
        "f1": {
            "mean": 0.8238199500728104,
            "std": 0.019666756370714477
        }
    },
    "Kidney renal papillary cell carcinoma": {
        "accuracy": {
            "mean": 0.9575757575757576,
            "std": 0.014845392380504096
        },
        "precision": {
            "mean": 0.9959595959595958,
            "std": 0.008080808080808133
        },
        "recall": {
            "mean": 0.9575757575757576,
            "std": 0.014845392380504096
        },
        "f1": {
            "mean": 0.9731796630497929,
            "std": 0.01142638197671242
        }
    },
    "Liver hepatocellular carcinoma": {
        "accuracy": {
            "mean": 0.5615384615384615,
            "std": 0.09910845174403943
        },
        "precision": {
            "mean": 0.8793317793317794,
            "std": 0.008990364036676206
        },
        "recall": {
            "mean": 0.5615384615384615,
            "std": 0.09910845174403943
        },
        "f1": {
            "mean": 0.6095803149153025,
            "std": 0.09932732321811556
        }
    },
    "Lung adenocarcinoma": {
        "accuracy": {
            "mean": 0.7128205128205127,
            "std": 0.034016664516465664
        },
        "precision": {
            "mean": 0.7871498384656279,
            "std": 0.03481454921076175
        },
        "recall": {
            "mean": 0.7128205128205127,
            "std": 0.034016664516465664
        },
        "f1": {
            "mean": 0.7280524946796336,
            "std": 0.035343420339824426
        }
    },
    "Lung squamous cell carcinoma": {
        "accuracy": {
            "mean": 0.5964912280701755,
            "std": 0.024810764252159563
        },
        "precision": {
            "mean": 0.7261086149259525,
            "std": 0.016582781655862407
        },
        "recall": {
            "mean": 0.5964912280701755,
            "std": 0.024810764252159563
        },
        "f1": {
            "mean": 0.6209817505761808,
            "std": 0.021067961541293576
        }
    },
    "Mesothelioma": {
        "accuracy": {
            "mean": 0.29999999999999993,
            "std": 0.12472191289246473
        },
        "precision": {
            "mean": 0.2777777777777778,
            "std": 0.16942167424418786
        },
        "recall": {
            "mean": 0.29999999999999993,
            "std": 0.12472191289246473
        },
        "f1": {
            "mean": 0.2822222222222222,
            "std": 0.14326010187809954
        }
    },
    "Pancreatic adenocarcinoma": {
        "accuracy": {
            "mean": 0.2608695652173913,
            "std": 0.02749806661015983
        },
        "precision": {
            "mean": 0.9210903964942194,
            "std": 0.002333164690064094
        },
        "recall": {
            "mean": 0.2608695652173913,
            "std": 0.02749806661015983
        },
        "f1": {
            "mean": 0.32920795299285005,
            "std": 0.04728498818208005
        }
    },
    "Rectum adenocarcinoma": {
        "accuracy": {
            "mean": 0.6428571428571429,
            "std": 0.0
        },
        "precision": {
            "mean": 0.6428571428571429,
            "std": 0.0
        },
        "recall": {
            "mean": 0.6428571428571429,
            "std": 0.0
        },
        "f1": {
            "mean": 0.6282051282051281,
            "std": 0.0
        }
    },
    "Skin Cutaneous Melanoma": {
        "accuracy": {
            "mean": 0.78,
            "std": 0.09797958971132714
        },
        "precision": {
            "mean": 0.9133333333333333,
            "std": 0.01632993161855452
        },
        "recall": {
            "mean": 0.78,
            "std": 0.09797958971132714
        },
        "f1": {
            "mean": 0.8114285714285714,