{
    "Adrenocortical carcinoma": {
        "accuracy": {
            "mean": 0.8888888888888888,
            "std": 0.0785674201318386
        },
        "precision": {
            "mean": 0.9444444444444445,
            "std": 0.039283710065919325
        },
        "recall": {
            "mean": 0.8888888888888888,
            "std": 0.0785674201318386
        },
        "f1": {
            "mean": 0.8888888888888888,
            "std": 0.0785674201318386
        }
    },
    "Bladder Urothelial Carcinoma": {
        "accuracy": {
            "mean": 0.875,
            "std": 0.0
        },
        "precision": {
            "mean": 0.8771103896103897,
            "std": 0.0
        },
        "recall": {
            "mean": 0.875,
            "std": 0.0
        },
        "f1": {
            "mean": 0.8710772357723577,
            "std": 0.0
        }
    },
    "Breast invasive carcinoma": {
        "accuracy": {
            "mean": 0.9290780141843973,
            "std": 0.005014941710542924
        },
        "precision": {
            "mean": 0.9286279323513366,
            "std": 0.005333197626788902
        },
        "recall": {
            "mean": 0.9290780141843973,
            "std": 0.005014941710542924
        },
        "f1": {
            "mean": 0.9287331504055899,
            "std": 0.005258797227123266
        }
    },
    "Cholangiocarcinoma": {
        "accuracy": {
            "mean": 0.7999999999999999,
            "std": 1.1102230246251565e-16
        },
        "precision": {
            "mean": 0.6833333333333335,
            "std": 0.016666666666666663
        },
        "recall": {
            "mean": 0.7999999999999999,
            "std": 1.1102230246251565e-16
        },
        "f1": {
            "mean": 0.7266666666666667,
            "std": 0.006666666666666654
        }
    },
    "Colon adenocarcinoma": {
        "accuracy": {
            "mean": 0.90625,
            "std": 0.0
        },
        "precision": {
            "mean": 0.9343750000000001,
            "std": 1.1102230246251565e-16
        },
        "recall": {
            "mean": 0.90625,
            "std": 0.0
        },
        "f1": {
            "mean": 0.8988970588235293,
            "std": 1.1102230246251565e-16
        }
    },
    "Esophageal carcinoma": {
        "accuracy": {
            "mean": 0.7999999999999999,
            "std": 1.1102230246251565e-16
        },
        "precision": {
            "mean": 0.7799999999999999,
            "std": 0.0
        },
        "recall": {
            "mean": 0.7999999999999999,
            "std": 1.1102230246251565e-16
        },
        "f1": {
            "mean": 0.785263157894737,
            "std": 0.0
        }
    },
    "Head and Neck squamous cell carcinoma": {
        "accuracy": {
            "mean": 0.888888888888889,
            "std": 1.1102230246251565e-16
        },
        "precision": {
            "mean": 0.8970944693166917,
            "std": 0.007191620996194755
        },
        "recall": {
            "mean": 0.888888888888889,
            "std": 1.1102230246251565e-16
        },
        "f1": {
            "mean": 0.8886509385580593,
            "std": 0.001398369814260962
        }
    },
    "Kidney Chromophobe": {
        "accuracy": {
            "mean": 0.9848484848484849,
            "std": 0.033879817840905914
        },
        "precision": {
            "mean": 0.9848484848484849,
            "std": 0.033879817840905914
        },
        "recall": {
            "mean": 0.9848484848484849,
            "std": 0.033879817840905914
        },
        "f1": {
            "mean": 0.9848484848484849,
            "std": 0.033879817840905914
        }
    },
    "Kidney renal clear cell carcinoma": {
        "accuracy": {
            "mean": 0.8958333333333334,
            "std": 0.0
        },
        "precision": {
            "mean": 0.896701388888889,
            "std": 0.0
        },
        "recall": {
            "mean": 0.8958333333333334,
            "std": 0.0
        },
        "f1": {
            "mean": 0.8954422194409678,
            "std": 0.0
        }
    },
    "Kidney renal papillary cell carcinoma": {
        "accuracy": {
            "mean": 1.0,
            "std": 0.0
        },
        "precision": {
            "mean": 1.0,
            "std": 0.0
        },
        "recall": {
            "mean": 1.0,
            "std": 0.0
        },
        "f1": {
            "mean": 1.0,
            "std": 0.0
        }
    },
    "Liver hepatocellular carcinoma": {
        "accuracy": {
            "mean": 0.8461538461538461,
            "std": 0.0
        },
        "precision": {
            "mean": 0.9326923076923076,
            "std": 1.1102230246251565e-16
        },
        "recall": {
            "mean": 0.8461538461538461,
            "std": 0.0
        },
        "f1": {
            "mean": 0.8760914760914761,
            "std": 0.0
        }
    },
    "Lung adenocarcinoma": {
        "accuracy": {
            "mean": 0.9230769230769232,
            "std": 1.1102230246251565e-16
        },
        "precision": {
            "mean": 0.9262820512820512,
            "std": 1.1102230246251565e-16
        },
        "recall": {
            "mean": 0.9230769230769232,
            "std": 1.1102230246251565e-16
        },
        "f1": {
            "mean": 0.9233314245721193,
            "std": 0.0
        }
    },
    "Lung squamous cell carcinoma": {
        "accuracy": {
            "mean": 0.8859649122807016,
            "std": 0.00877192982456143
        },
        "precision": {
            "mean": 0.8882093994181832,
            "std": 0.010182413447313743
        },
        "recall": {
            "mean": 0.8859649122807016,
            "std": 0.00877192982456143
        },
        "f1": {
            "mean": 0.8849179221698636,
            "std": 0.00860213269617921
        }
    },
    "Mesothelioma": {
        "accuracy": {
            "mean": 0.6666666666666666,
            "std": 0.0
        },
        "precision": {
            "mean": 0.6333333333333333,
            "std": 0.0
        },
        "recall": {
            "mean": 0.6666666666666666,
            "std": 0.0
        },
        "f1": {
            "mean": 0.5972222222222222,
            "std": 0.0
        }
    },
    "Pancreatic adenocarcinoma": {
        "accuracy": {
            "mean": 0.9130434782608695,
            "std": 0.0
        },
        "precision": {
            "mean": 1.0,
            "std": 0.0
        },
        "recall": {
            "mean": 0.9130434782608695,
            "std": 0.0
        },
        "f1": {
            "mean": 0.9487451396253093,
            "std": 0.0
        }
    },
    "Rectum adenocarcinoma": {
        "accuracy": {
            "mean": 0.8333333333333331,
            "std": 0.033671751485073675
        },
        "precision": {
            "mean": 0.8833333333333334,
            "std": 0.04377327693059585
        },
        "recall": {
            "mean": 0.8333333333333331,
            "std": 0.033671751485073675
        },
        "f1": {
            "mean": 0.8428309785452642,
            "std": 0.031507138889604706
        }
    },
    "Skin Cutaneous Melanoma": {
        "accuracy": {
            "mean": 1.0,
            "std": 0.0
        },
        "precision": {
            "mean": 1.0,
            "std": 0.0
        },
        "recall": {
            "mean": 1.0,
            "std": 0.0
        },
        "f1": {
            "mean": 1.0,
            "std": 0.0
        }
    },
    "Stomach adenocarcinoma": {
        "accuracy": {
            "mean": 0.8666666666666666,
            "std": 0.01346870059402948
        },
        "precision": {
            "mean": 0.8768253968253968,
            "std": 0.010774960475223503
        },
        "recall": {
            "mean": 0.8666666666666666,
            "std": 0.01346870059402948
        },
        "f1": {
            "mean": 0.8655387059038177,