{
    "Adrenocortical carcinoma": {
        "accuracy": {
            "mean": 0.8333333333333334,
            "std": 0.0
        },
        "precision": {
            "mean": 0.9166666666666666,
            "std": 0.0
        },
        "recall": {
            "mean": 0.8333333333333334,
            "std": 0.0
        },
        "f1": {
            "mean": 0.8333333333333334,
            "std": 0.0
        }
    },
    "Bladder Urothelial Carcinoma": {
        "accuracy": {
            "mean": 0.675,
            "std": 0.03535533905932736
        },
        "precision": {
            "mean": 0.6677060282712457,
            "std": 0.04315185623930667
        },
        "recall": {
            "mean": 0.675,
            "std": 0.03535533905932736
        },
        "f1": {
            "mean": 0.6579486816353199,
            "std": 0.034533973810193554
        }
    },
    "Breast invasive carcinoma": {
        "accuracy": {
            "mean": 0.925531914893617,
            "std": 0.017801277160299493
        },
        "precision": {
            "mean": 0.9360805766528142,
            "std": 0.017402470356360812
        },
        "recall": {
            "mean": 0.925531914893617,
            "std": 0.017801277160299493
        },
        "f1": {
            "mean": 0.9304669916022466,
            "std": 0.01757012204115967
        }
    },
    "Cholangiocarcinoma": {
        "accuracy": {
            "mean": 0.6,
            "std": 0.1264911064067352
        },
        "precision": {
            "mean": 0.4133333333333333,
            "std": 0.1484737163421339
        },
        "recall": {
            "mean": 0.6,
            "std": 0.1264911064067352
        },
        "f1": {
            "mean": 0.47866666666666663,
            "std": 0.14050069197140788
        }
    },
    "Colon adenocarcinoma": {
        "accuracy": {
            "mean": 0.8875,
            "std": 0.024999999999999998
        },
        "precision": {
            "mean": 0.9174862132352942,
            "std": 0.02224117528249313
        },
        "recall": {
            "mean": 0.8875,
            "std": 0.024999999999999998
        },
        "f1": {
            "mean": 0.8781087283703805,
            "std": 0.028151755218512278
        }
    },
    "Esophageal carcinoma": {
        "accuracy": {
            "mean": 0.76,
            "std": 0.03265986323710909
        },
        "precision": {
            "mean": 0.7699999999999999,
            "std": 0.04490731195102494
        },
        "recall": {
            "mean": 0.76,
            "std": 0.03265986323710909
        },
        "f1": {
            "mean": 0.7633613445378151,
            "std": 0.036776652720778284
        }
    },
    "Head and Neck squamous cell carcinoma": {
        "accuracy": {
            "mean": 0.8311111111111111,
            "std": 0.02266230894930127
        },
        "precision": {
            "mean": 0.8376043956043955,
            "std": 0.018227680075559995
        },
        "recall": {
            "mean": 0.8311111111111111,
            "std": 0.02266230894930127
        },
        "f1": {
            "mean": 0.8334160817463703,
            "std": 0.020303497129825612
        }
    },
    "Kidney Chromophobe": {
        "accuracy": {
            "mean": 0.8727272727272727,
            "std": 0.044536177141512284
        },
        "precision": {
            "mean": 0.909090909090909,
            "std": 1.1102230246251565e-16
        },
        "recall": {
            "mean": 0.8727272727272727,
            "std": 0.044536177141512284
        },
        "f1": {
            "mean": 0.8883116883116884,
            "std": 0.025449244080864145
        }
    },
    "Kidney renal clear cell carcinoma": {
        "accuracy": {
            "mean": 0.8416666666666666,
            "std": 0.010206207261596538
        },
        "precision": {
            "mean": 0.8408364898989898,
            "std": 0.014231041505898908
        },
        "recall": {
            "mean": 0.8416666666666666,
            "std": 0.010206207261596538
        },
        "f1": {
            "mean": 0.8406085555817558,
            "std": 0.01199942045770968
        }
    },
    "Kidney renal papillary cell carcinoma": {
        "accuracy": {
            "mean": 0.9878787878787879,
            "std": 0.014845392380504096
        },
        "precision": {
            "mean": 1.0,
            "std": 0.0
        },
        "recall": {
            "mean": 0.9878787878787879,
            "std": 0.014845392380504096
        },
        "f1": {
            "mean": 0.9933884297520661,
            "std": 0.00809748675300227
        }
    },
    "Liver hepatocellular carcinoma": {
        "accuracy": {
            "mean": 0.7461538461538462,
            "std": 0.018842228790639872
        },
        "precision": {
            "mean": 0.923992673992674,
            "std": 0.010081581644339118
        },
        "recall": {
            "mean": 0.7461538461538462,
            "std": 0.018842228790639872
        },
        "f1": {
            "mean": 0.8053152729623317,
            "std": 0.01607347413875404
        }
    },
    "Lung adenocarcinoma": {
        "accuracy": {
            "mean": 0.8461538461538461,
            "std": 0.036261886214694776
        },
        "precision": {
            "mean": 0.8944126908523193,
            "std": 0.0306222622221365
        },
        "recall": {
            "mean": 0.8461538461538461,
            "std": 0.036261886214694776
        },
        "f1": {
            "mean": 0.860150454581962,
            "std": 0.035881383385612725
        }
    },
    "Lung squamous cell carcinoma": {
        "accuracy": {
            "mean": 0.7894736842105263,
            "std": 0.01921833535105848
        },
        "precision": {
            "mean": 0.8301321452511384,
            "std": 0.014074442288398574
        },
        "recall": {
            "mean": 0.7894736842105263,
            "std": 0.01921833535105848
        },
        "f1": {
            "mean": 0.8025347739303672,
            "std": 0.01852581977913212
        }
    },
    "Mesothelioma": {
        "accuracy": {
            "mean": 0.2,
            "std": 0.06666666666666667
        },
        "precision": {
            "mean": 0.17222222222222222,
            "std": 0.04444444444444445
        },
        "recall": {
            "mean": 0.2,
            "std": 0.06666666666666667
        },
        "f1": {
            "mean": 0.1838095238095238,
            "std": 0.05256245610113003
        }
    },
    "Pancreatic adenocarcinoma": {
        "accuracy": {
            "mean": 0.7043478260869565,
            "std": 0.06956521739130436
        },
        "precision": {
            "mean": 0.9152173913043479,
            "std": 0.004347826086956541
        },
        "recall": {
            "mean": 0.7043478260869565,
            "std": 0.06956521739130436
        },
        "f1": {
            "mean": 0.790707764620808,
            "std": 0.04669458963625785
        }
    },
    "Rectum adenocarcinoma": {
        "accuracy": {
            "mean": 0.7857142857142857,
            "std": 0.0
        },
        "precision": {
            "mean": 0.8928571428571429,
            "std": 0.0
        },
        "recall": {
            "mean": 0.7857142857142857,
            "std": 0.0
        },
        "f1": {
            "mean": 0.8268445839874412,
            "std": 1.1102230246251565e-16
        }
    },
    "Skin Cutaneous Melanoma": {
        "accuracy": {
            "mean": 1.0,
            "std": 0.0
        },
        "precision": {
            "mean": 1.0,
            "std": 0.0
        },
        "recall": {
            "mean": 1.0,
            "std": 0.0
        },
        "f1": {
            "mean": 1.0,
            "std": 0.0
        }
    },
    "Stomach adenocarcinoma": {
        "accuracy": {
            "mean": 0.7942857142857143,
            "std": 0.02138089935299396
        },