{
    "Adrenocortical carcinoma": {
        "accuracy": {
            "mean": 0.5,
            "std": 0.0
        },
        "precision": {
            "mean": 0.75,
            "std": 0.0
        },
        "recall": {
            "mean": 0.5,
            "std": 0.0
        },
        "f1": {
            "mean": 0.5555555555555555,
            "std": 0.0
        }
    },
    "Bladder Urothelial Carcinoma": {
        "accuracy": {
            "mean": 0.36,
            "std": 0.02549509756796393
        },
        "precision": {
            "mean": 0.46126190476190476,
            "std": 0.022135892401850505
        },
        "recall": {
            "mean": 0.36,
            "std": 0.02549509756796393
        },
        "f1": {
            "mean": 0.40313055192751585,
            "std": 0.019967891356863523
        }
    },
    "Breast invasive carcinoma": {
        "accuracy": {
            "mean": 0.723404255319149,
            "std": 0.019030365765955636
        },
        "precision": {
            "mean": 0.9146599237139185,
            "std": 0.005530122032813725
        },
        "recall": {
            "mean": 0.723404255319149,
            "std": 0.019030365765955636
        },
        "f1": {
            "mean": 0.7996201059371283,
            "std": 0.012938683963708954
        }
    },
    "Cholangiocarcinoma": {
        "accuracy": {
            "mean": 0.28,
            "std": 0.09797958971132713
        },
        "precision": {
            "mean": 0.22666666666666666,
            "std": 0.03265986323710904
        },
        "recall": {
            "mean": 0.28,
            "std": 0.09797958971132713
        },
        "f1": {
            "mean": 0.248,
            "std": 0.05878775382679627
        }
    },
    "Colon adenocarcinoma": {
        "accuracy": {
            "mean": 0.64375,
            "std": 0.015309310892394862
        },
        "precision": {
            "mean": 0.5006060606060606,
            "std": 0.00389691549988232
        },
        "recall": {
            "mean": 0.64375,
            "std": 0.015309310892394862
        },
        "f1": {
            "mean": 0.5615753119429591,
            "std": 0.007704685873950383
        }
    },
    "Esophageal carcinoma": {
        "accuracy": {
            "mean": 0.6133333333333334,
            "std": 0.026666666666666665
        },
        "precision": {
            "mean": 0.604,
            "std": 0.008000000000000007
        },
        "recall": {
            "mean": 0.6133333333333334,
            "std": 0.026666666666666665
        },
        "f1": {
            "mean": 0.608421052631579,
            "std": 0.016842105263157856
        }
    },
    "Head and Neck squamous cell carcinoma": {
        "accuracy": {
            "mean": 0.18222222222222223,
            "std": 0.016629588385661965
        },
        "precision": {
            "mean": 0.20326984126984127,
            "std": 0.026949752979073874
        },
        "recall": {
            "mean": 0.18222222222222223,
            "std": 0.016629588385661965
        },
        "f1": {
            "mean": 0.18287768658356893,
            "std": 0.015870370735454276
        }
    },
    "Kidney Chromophobe": {
        "accuracy": {
            "mean": 0.7090909090909092,
            "std": 0.06803013430498077
        },
        "precision": {
            "mean": 0.7733333333333333,
            "std": 0.062703113485467
        },
        "recall": {
            "mean": 0.7090909090909092,
            "std": 0.06803013430498077
        },
        "f1": {
            "mean": 0.7361930998294635,
            "std": 0.0630596419928989
        }
    },
    "Kidney renal clear cell carcinoma": {
        "accuracy": {
            "mean": 0.7833333333333333,
            "std": 0.01020620726159654
        },
        "precision": {
            "mean": 0.8270722333222332,
            "std": 0.011634879627053453
        },
        "recall": {
            "mean": 0.7833333333333333,
            "std": 0.01020620726159654
        },
        "f1": {
            "mean": 0.7899690183957918,
            "std": 0.00877689111375171
        }
    },
    "Kidney renal papillary cell carcinoma": {
        "accuracy": {
            "mean": 0.9575757575757576,
            "std": 0.03090314856722901
        },
        "precision": {
            "mean": 0.9959595959595958,
            "std": 0.008080808080808133
        },
        "recall": {
            "mean": 0.9575757575757576,
            "std": 0.03090314856722901
        },
        "f1": {
            "mean": 0.9733265868330804,
            "std": 0.02191075963697822
        }
    },
    "Liver hepatocellular carcinoma": {
        "accuracy": {
            "mean": 0.7307692307692306,
            "std": 0.024325212770526013
        },
        "precision": {
            "mean": 0.9175457875457876,
            "std": 0.01162254957872979
        },
        "recall": {
            "mean": 0.7307692307692306,
            "std": 0.024325212770526013
        },
        "f1": {
            "mean": 0.7841160799984329,
            "std": 0.02173473511975194
        }
    },
    "Lung adenocarcinoma": {
        "accuracy": {
            "mean": 0.3897435897435897,
            "std": 0.019187986598840717
        },
        "precision": {
            "mean": 0.68012432012432,
            "std": 0.013330820069476206
        },
        "recall": {
            "mean": 0.3897435897435897,
            "std": 0.019187986598840717
        },
        "f1": {
            "mean": 0.4879521048751818,
            "std": 0.01436845326653853
        }
    },
    "Lung squamous cell carcinoma": {
        "accuracy": {
            "mean": 0.4701754385964912,
            "std": 0.013128622409733127
        },
        "precision": {
            "mean": 0.6610079109569903,
            "std": 0.01603185256748521
        },
        "recall": {
            "mean": 0.4701754385964912,
            "std": 0.013128622409733127
        },
        "f1": {
            "mean": 0.5311415411205712,
            "std": 0.012797571496683785
        }
    },
    "Mesothelioma": {
        "accuracy": {
            "mean": 0.3,
            "std": 0.06666666666666667
        },
        "precision": {
            "mean": 0.4666666666666666,
            "std": 0.06666666666666668
        },
        "recall": {
            "mean": 0.3,
            "std": 0.06666666666666667
        },
        "f1": {
            "mean": 0.3566666666666667,
            "std": 0.05925462944877063
        }
    },
    "Pancreatic adenocarcinoma": {
        "accuracy": {
            "mean": 0.6956521739130436,
            "std": 0.04762804847871007
        },
        "precision": {
            "mean": 0.9457800511508951,
            "std": 0.021483375959079298
        },
        "recall": {
            "mean": 0.6956521739130436,
            "std": 0.04762804847871007
        },
        "f1": {
            "mean": 0.7991756192859976,
            "std": 0.03061205242549261
        }
    },
    "Rectum adenocarcinoma": {
        "accuracy": {
            "mean": 0.6285714285714286,
            "std": 0.0534522483824849
        },
        "precision": {
            "mean": 0.6346938775510204,
            "std": 0.0349927106111883
        },
        "recall": {
            "mean": 0.6285714285714286,
            "std": 0.0534522483824849
        },
        "f1": {
            "mean": 0.597069597069597,
            "std": 0.04538134842357056
        }
    },
    "Skin Cutaneous Melanoma": {
        "accuracy": {
            "mean": 0.8800000000000001,
            "std": 0.03999999999999999
        },
        "precision": {
            "mean": 1.0,
            "std": 0.0
        },
        "recall": {
            "mean": 0.8800000000000001,
            "std": 0.03999999999999999
        },
        "f1": {
            "mean": 0.9226666666666669,
            "std": 0.02133333333333329
        }
    },