{
    "Adrenocortical carcinoma": {
        "accuracy": {
            "mean": 0.16666666666666666,
            "std": 0.0
        },
        "precision": {
            "mean": 0.3333333333333333,
            "std": 0.0
        },
        "recall": {
            "mean": 0.16666666666666666,
            "std": 0.0
        },
        "f1": {
            "mean": 0.22222222222222224,
            "std": 2.7755575615628914e-17
        }
    },
    "Bladder Urothelial Carcinoma": {
        "accuracy": {
            "mean": 0.01,
            "std": 0.02
        },
        "precision": {
            "mean": 0.135,
            "std": 0.27
        },
        "recall": {
            "mean": 0.01,
            "std": 0.02
        },
        "f1": {
            "mean": 0.018388888888888892,
            "std": 0.036777777777777784
        }
    },
    "Breast invasive carcinoma": {
        "accuracy": {
            "mean": 0.04893617021276596,
            "std": 0.014430489325798442
        },
        "precision": {
            "mean": 0.7893617021276595,
            "std": 0.08859856516449793
        },
        "recall": {
            "mean": 0.04893617021276596,
            "std": 0.014430489325798442
        },
        "f1": {
            "mean": 0.09147042688585812,
            "std": 0.02615028502060676
        }
    },
    "Cholangiocarcinoma": {
        "accuracy": {
            "mean": 0.04,
            "std": 0.08
        },
        "precision": {
            "mean": 0.08,
            "std": 0.16
        },
        "recall": {
            "mean": 0.04,
            "std": 0.08
        },
        "f1": {
            "mean": 0.05333333333333333,
            "std": 0.10666666666666666
        }
    },
    "Colon adenocarcinoma": {
        "accuracy": {
            "mean": 0.0,
            "std": 0.0
        },
        "precision": {
            "mean": 0.0,
            "std": 0.0
        },
        "recall": {
            "mean": 0.0,
            "std": 0.0
        },
        "f1": {
            "mean": 0.0,
            "std": 0.0
        }
    },
    "Esophageal carcinoma": {
        "accuracy": {
            "mean": 0.04,
            "std": 0.032659863237109045
        },
        "precision": {
            "mean": 0.12000000000000002,
            "std": 0.09797958971132713
        },
        "recall": {
            "mean": 0.04,
            "std": 0.032659863237109045
        },
        "f1": {
            "mean": 0.06000000000000001,
            "std": 0.048989794855663564
        }
    },
    "Head and Neck squamous cell carcinoma": {
        "accuracy": {
            "mean": 0.02222222222222222,
            "std": 0.014054567378526131
        },
        "precision": {
            "mean": 0.33333333333333337,
            "std": 0.2089361648629895
        },
        "recall": {
            "mean": 0.02222222222222222,
            "std": 0.014054567378526131
        },
        "f1": {
            "mean": 0.040056980056980065,
            "std": 0.02356495662945737
        }
    },
    "Kidney Chromophobe": {
        "accuracy": {
            "mean": 0.0,
            "std": 0.0
        },
        "precision": {
            "mean": 0.0,
            "std": 0.0
        },
        "recall": {
            "mean": 0.0,
            "std": 0.0
        },
        "f1": {
            "mean": 0.0,
            "std": 0.0
        }
    },
    "Kidney renal clear cell carcinoma": {
        "accuracy": {
            "mean": 0.008333333333333333,
            "std": 0.016666666666666666
        },
        "precision": {
            "mean": 0.13333333333333333,
            "std": 0.26666666666666666
        },
        "recall": {
            "mean": 0.008333333333333333,
            "std": 0.016666666666666666
        },
        "f1": {
            "mean": 0.015486111111111108,
            "std": 0.030972222222222217
        }
    },
    "Kidney renal papillary cell carcinoma": {
        "accuracy": {
            "mean": 0.048484848484848485,
            "std": 0.01484539238050411
        },
        "precision": {
            "mean": 0.793939393939394,
            "std": 0.07272727272727275
        },
        "recall": {
            "mean": 0.048484848484848485,
            "std": 0.01484539238050411
        },
        "f1": {
            "mean": 0.09024802358135692,
            "std": 0.026116135499170835
        }
    },
    "Liver hepatocellular carcinoma": {
        "accuracy": {
            "mean": 0.03076923076923077,
            "std": 0.015384615384615385
        },
        "precision": {
            "mean": 0.6153846153846154,
            "std": 0.3076923076923077
        },
        "recall": {
            "mean": 0.03076923076923077,
            "std": 0.015384615384615385
        },
        "f1": {
            "mean": 0.0586080586080586,
            "std": 0.0293040293040293
        }
    },
    "Lung adenocarcinoma": {
        "accuracy": {
            "mean": 0.04615384615384615,
            "std": 0.02990231740946308
        },
        "precision": {
            "mean": 0.5512820512820513,
            "std": 0.15384615384615385
        },
        "recall": {
            "mean": 0.04615384615384615,
            "std": 0.02990231740946308
        },
        "f1": {
            "mean": 0.08424933626172015,
            "std": 0.05204725669448168
        }
    },
    "Lung squamous cell carcinoma": {
        "accuracy": {
            "mean": 0.021052631578947368,
            "std": 0.013128622409733127
        },
        "precision": {
            "mean": 0.4807017543859649,
            "std": 0.2795150353214657
        },
        "recall": {
            "mean": 0.021052631578947368,
            "std": 0.013128622409733127
        },
        "f1": {
            "mean": 0.04017903997530483,
            "std": 0.024831422632891436
        }
    },
    "Mesothelioma": {
        "accuracy": {
            "mean": 0.0,
            "std": 0.0
        },
        "precision": {
            "mean": 0.0,
            "std": 0.0
        },
        "recall": {
            "mean": 0.0,
            "std": 0.0
        },
        "f1": {
            "mean": 0.0,
            "std": 0.0
        }
    },
    "Pancreatic adenocarcinoma": {
        "accuracy": {
            "mean": 0.017391304347826087,
            "std": 0.021299910806810242
        },
        "precision": {
            "mean": 0.3652173913043478,
            "std": 0.4472981269430151
        },
        "recall": {
            "mean": 0.017391304347826087,
            "std": 0.021299910806810242
        },
        "f1": {
            "mean": 0.03320158102766798,
            "std": 0.04066346608572865
        }
    },
    "Rectum adenocarcinoma": {
        "accuracy": {
            "mean": 0.0,
            "std": 0.0
        },
        "precision": {
            "mean": 0.0,
            "std": 0.0
        },
        "recall": {
            "mean": 0.0,
            "std": 0.0
        },
        "f1": {
            "mean": 0.0,
            "std": 0.0
        }
    },
    "Skin Cutaneous Melanoma": {
        "accuracy": {
            "mean": 0.04,
            "std": 0.048989794855663564
        },
        "precision": {
            "mean": 0.32,
            "std": 0.3919183588453085
        },
        "recall": {
            "mean": 0.04,
            "std": 0.048989794855663564
        },
        "f1": {
            "mean": 0.0711111111111111,
            "std": 0.08709296863229077
        }
    },
    "Stomach adenocarcinoma": {
        "accuracy": {
            "mean": 0.03428571428571429,
            "std": 0.03331972511340171
        },
        "precision": {
            "mean": 0.26285714285714284,
            "std": 0.31423376193982905
        },
        "recall": {
            "mean": 0.03428571428571429,
            "std": 0.03331972511340171
        },
        "f1": {
            "mean": 0.05942857142857143,
            "std": 0.05878912526722148
        }
    },