{
    "Adrenocortical carcinoma": {
        "accuracy": {
            "mean": 0.3333333333333333,
            "std": 0.0
        },
        "precision": {
            "mean": 0.35000000000000003,
            "std": 0.08164965809277262
        },
        "recall": {
            "mean": 0.3333333333333333,
            "std": 0.0
        },
        "f1": {
            "mean": 0.31111111111111106,
            "std": 0.027216552697590882
        }
    },
    "Bladder Urothelial Carcinoma": {
        "accuracy": {
            "mean": 0.6,
            "std": 0.0
        },
        "precision": {
            "mean": 0.6372664835164835,
            "std": 0.02959643845322232
        },
        "recall": {
            "mean": 0.6,
            "std": 0.0
        },
        "f1": {
            "mean": 0.5700093817668911,
            "std": 0.008783379786579325
        }
    },
    "Breast invasive carcinoma": {
        "accuracy": {
            "mean": 0.8297872340425533,
            "std": 0.019030365765955674
        },
        "precision": {
            "mean": 0.8966681672276915,
            "std": 0.010743240770635529
        },
        "recall": {
            "mean": 0.8297872340425533,
            "std": 0.019030365765955674
        },
        "f1": {
            "mean": 0.8591094539177387,
            "std": 0.014362397229349544
        }
    },
    "Cholangiocarcinoma": {
        "accuracy": {
            "mean": 0.0,
            "std": 0.0
        },
        "precision": {
            "mean": 0.0,
            "std": 0.0
        },
        "recall": {
            "mean": 0.0,
            "std": 0.0
        },
        "f1": {
            "mean": 0.0,
            "std": 0.0
        }
    },
    "Colon adenocarcinoma": {
        "accuracy": {
            "mean": 0.725,
            "std": 0.012499999999999999
        },
        "precision": {
            "mean": 0.6509068627450979,
            "std": 0.013088235294117645
        },
        "recall": {
            "mean": 0.725,
            "std": 0.012499999999999999
        },
        "f1": {
            "mean": 0.6817329545454545,
            "std": 0.010482954545454514
        }
    },
    "Esophageal carcinoma": {
        "accuracy": {
            "mean": 0.6133333333333334,
            "std": 0.02666666666666666
        },
        "precision": {
            "mean": 0.7166666666666667,
            "std": 0.0
        },
        "recall": {
            "mean": 0.6133333333333334,
            "std": 0.02666666666666666
        },
        "f1": {
            "mean": 0.6581960784313726,
            "std": 0.01599999999999997
        }
    },
    "Head and Neck squamous cell carcinoma": {
        "accuracy": {
            "mean": 0.7422222222222221,
            "std": 0.010886621079036362
        },
        "precision": {
            "mean": 0.8309148629148628,
            "std": 0.005879945046863013
        },
        "recall": {
            "mean": 0.7422222222222221,
            "std": 0.010886621079036362
        },
        "f1": {
            "mean": 0.7832514475622708,
            "std": 0.005279710080315496
        }
    },
    "Kidney Chromophobe": {
        "accuracy": {
            "mean": 0.6363636363636364,
            "std": 0.0
        },
        "precision": {
            "mean": 0.7636363636363637,
            "std": 0.0
        },
        "recall": {
            "mean": 0.6363636363636364,
            "std": 0.0
        },
        "f1": {
            "mean": 0.6787878787878788,
            "std": 0.0
        }
    },
    "Kidney renal clear cell carcinoma": {
        "accuracy": {
            "mean": 0.6166666666666666,
            "std": 0.010206207261596593
        },
        "precision": {
            "mean": 0.7680914224664226,
            "std": 0.0103658154661753
        },
        "recall": {
            "mean": 0.6166666666666666,
            "std": 0.010206207261596593
        },
        "f1": {
            "mean": 0.6686296261239053,
            "std": 0.009157239139420048
        }
    },
    "Kidney renal papillary cell carcinoma": {
        "accuracy": {
            "mean": 0.8545454545454545,
            "std": 0.022676711434993564
        },
        "precision": {
            "mean": 0.9692929292929293,
            "std": 0.005910601550839473
        },
        "recall": {
            "mean": 0.8545454545454545,
            "std": 0.022676711434993564
        },
        "f1": {
            "mean": 0.8980607412471848,
            "std": 0.016795802600346407
        }
    },
    "Liver hepatocellular carcinoma": {
        "accuracy": {
            "mean": 0.723076923076923,
            "std": 0.015384615384615375
        },
        "precision": {
            "mean": 0.9392307692307693,
            "std": 0.027251959498638838
        },
        "recall": {
            "mean": 0.723076923076923,
            "std": 0.015384615384615375
        },
        "f1": {
            "mean": 0.8012608306725953,
            "std": 0.016125722352117556
        }
    },
    "Lung adenocarcinoma": {
        "accuracy": {
            "mean": 0.45641025641025645,
            "std": 0.01918798659884072
        },
        "precision": {
            "mean": 0.711358626290753,
            "std": 0.019070362478179
        },
        "recall": {
            "mean": 0.45641025641025645,
            "std": 0.01918798659884072
        },
        "f1": {
            "mean": 0.4769643529489264,
            "std": 0.026716967412557444
        }
    },
    "Lung squamous cell carcinoma": {
        "accuracy": {
            "mean": 0.4035087719298245,
            "std": 0.011095711088310103
        },
        "precision": {
            "mean": 0.64471417778897,
            "std": 0.02184772801928748
        },
        "recall": {
            "mean": 0.4035087719298245,
            "std": 0.011095711088310103
        },
        "f1": {
            "mean": 0.43822014932323317,
            "std": 0.012246429609702434
        }
    },
    "Mesothelioma": {
        "accuracy": {
            "mean": 0.16666666666666666,
            "std": 0.0
        },
        "precision": {
            "mean": 0.16666666666666666,
            "std": 0.0
        },
        "recall": {
            "mean": 0.16666666666666666,
            "std": 0.0
        },
        "f1": {
            "mean": 0.16666666666666666,
            "std": 0.0
        }
    },
    "Pancreatic adenocarcinoma": {
        "accuracy": {
            "mean": 0.42608695652173917,
            "std": 0.032536151189338613
        },
        "precision": {
            "mean": 0.9216161616161618,
            "std": 0.000649265476067626
        },
        "recall": {
            "mean": 0.42608695652173917,
            "std": 0.032536151189338613
        },
        "f1": {
            "mean": 0.5527520742223069,
            "std": 0.031694775203778995
        }
    },
    "Rectum adenocarcinoma": {
        "accuracy": {
            "mean": 0.6428571428571429,
            "std": 0.0
        },
        "precision": {
            "mean": 0.5857142857142856,
            "std": 0.0
        },
        "recall": {
            "mean": 0.6428571428571429,
            "std": 0.0
        },
        "f1": {
            "mean": 0.6071428571428571,
            "std": 0.0
        }
    },
    "Skin Cutaneous Melanoma": {
        "accuracy": {
            "mean": 0.8,
            "std": 0.0
        },
        "precision": {
            "mean": 0.9,
            "std": 0.0
        },
        "recall": {
            "mean": 0.8,
            "std": 0.0
        },
        "f1": {
            "mean": 0.8466666666666667,
            "std": 0.0
        }
    },
    "Stomach adenocarcinoma": {
        "accuracy": {
            "mean": 0.6285714285714286,
            "std": 0.0
        },
        "precision": {
            "mean": 0.6595238095238095,
            "std": 0.0
        },
        "recall": {
            "mean": 0.6285714285714286,
            "std": 0.0
        },