{
    "Adrenocortical carcinoma": {
        "accuracy": {
            "mean": 0.3333333333333333,
            "std": 0.0
        },
        "precision": {
            "mean": 0.5,
            "std": 0.0
        },
        "recall": {
            "mean": 0.3333333333333333,
            "std": 0.0
        },
        "f1": {
            "mean": 0.38888888888888884,
            "std": 0.0
        }
    },
    "Bladder Urothelial Carcinoma": {
        "accuracy": {
            "mean": 0.5,
            "std": 0.0
        },
        "precision": {
            "mean": 0.565462962962963,
            "std": 0.021666666666666678
        },
        "recall": {
            "mean": 0.5,
            "std": 0.0
        },
        "f1": {
            "mean": 0.4841432552954291,
            "std": 0.0010833333333333472
        }
    },
    "Breast invasive carcinoma": {
        "accuracy": {
            "mean": 0.7191489361702128,
            "std": 0.019731103181905726
        },
        "precision": {
            "mean": 0.906849658529475,
            "std": 0.00639482087983242
        },
        "recall": {
            "mean": 0.7191489361702128,
            "std": 0.019731103181905726
        },
        "f1": {
            "mean": 0.7990676308315136,
            "std": 0.013240271960749811
        }
    },
    "Cholangiocarcinoma": {
        "accuracy": {
            "mean": 0.2,
            "std": 0.0
        },
        "precision": {
            "mean": 0.06666666666666667,
            "std": 0.0
        },
        "recall": {
            "mean": 0.2,
            "std": 0.0
        },
        "f1": {
            "mean": 0.1,
            "std": 0.0
        }
    },
    "Colon adenocarcinoma": {
        "accuracy": {
            "mean": 0.55,
            "std": 0.015309310892394862
        },
        "precision": {
            "mean": 0.9077272727272726,
            "std": 0.0058453732498235066
        },
        "recall": {
            "mean": 0.55,
            "std": 0.015309310892394862
        },
        "f1": {
            "mean": 0.6409507478880881,
            "std": 0.017817555736735175
        }
    },
    "Esophageal carcinoma": {
        "accuracy": {
            "mean": 0.6133333333333334,
            "std": 0.02666666666666666
        },
        "precision": {
            "mean": 0.7335714285714285,
            "std": 0.03347249861102857
        },
        "recall": {
            "mean": 0.6133333333333334,
            "std": 0.02666666666666666
        },
        "f1": {
            "mean": 0.6648235294117647,
            "std": 0.018695890783269206
        }
    },
    "Head and Neck squamous cell carcinoma": {
        "accuracy": {
            "mean": 0.5777777777777777,
            "std": 0.024343224778007377
        },
        "precision": {
            "mean": 0.7675321637426901,
            "std": 0.0025211122498822033
        },
        "recall": {
            "mean": 0.5777777777777777,
            "std": 0.024343224778007377
        },
        "f1": {
            "mean": 0.6232673666222053,
            "std": 0.022136142424441223
        }
    },
    "Kidney Chromophobe": {
        "accuracy": {
            "mean": 0.5636363636363636,
            "std": 0.036363636363636376
        },
        "precision": {
            "mean": 0.909090909090909,
            "std": 1.1102230246251565e-16
        },
        "recall": {
            "mean": 0.5636363636363636,
            "std": 0.036363636363636376
        },
        "f1": {
            "mean": 0.6926406926406927,
            "std": 0.027705627705627744
        }
    },
    "Kidney renal clear cell carcinoma": {
        "accuracy": {
            "mean": 0.7000000000000001,
            "std": 0.010206207261596593
        },
        "precision": {
            "mean": 0.840608164983165,
            "std": 0.006746885700941194
        },
        "recall": {
            "mean": 0.7000000000000001,
            "std": 0.010206207261596593
        },
        "f1": {
            "mean": 0.7625449447107485,
            "std": 0.007973495588561325
        }
    },
    "Kidney renal papillary cell carcinoma": {
        "accuracy": {
            "mean": 0.7272727272727273,
            "std": 0.0
        },
        "precision": {
            "mean": 0.9352617079889807,
            "std": 0.0
        },
        "recall": {
            "mean": 0.7272727272727273,
            "std": 0.0
        },
        "f1": {
            "mean": 0.7981947130883302,
            "std": 0.0
        }
    },
    "Liver hepatocellular carcinoma": {
        "accuracy": {
            "mean": 0.4,
            "std": 0.018842228790639817
        },
        "precision": {
            "mean": 0.8513736263736265,
            "std": 0.03832540665241608
        },
        "recall": {
            "mean": 0.4,
            "std": 0.018842228790639817
        },
        "f1": {
            "mean": 0.5154404025093681,
            "std": 0.022105223972590092
        }
    },
    "Lung adenocarcinoma": {
        "accuracy": {
            "mean": 0.4512820512820513,
            "std": 0.012561485860426564
        },
        "precision": {
            "mean": 0.7448466917697687,
            "std": 0.01859031672185199
        },
        "recall": {
            "mean": 0.4512820512820513,
            "std": 0.012561485860426564
        },
        "f1": {
            "mean": 0.5072956539019887,
            "std": 0.015708893238597706
        }
    },
    "Lung squamous cell carcinoma": {
        "accuracy": {
            "mean": 0.44561403508771924,
            "std": 0.0085947008518708
        },
        "precision": {
            "mean": 0.6474604403164774,
            "std": 0.015531261129380478
        },
        "recall": {
            "mean": 0.44561403508771924,
            "std": 0.0085947008518708
        },
        "f1": {
            "mean": 0.5033384127012935,
            "std": 0.01010530902097392
        }
    },
    "Mesothelioma": {
        "accuracy": {
            "mean": 0.3333333333333333,
            "std": 0.0
        },
        "precision": {
            "mean": 0.5,
            "std": 0.0
        },
        "recall": {
            "mean": 0.3333333333333333,
            "std": 0.0
        },
        "f1": {
            "mean": 0.4000000000000001,
            "std": 0.0
        }
    },
    "Pancreatic adenocarcinoma": {
        "accuracy": {
            "mean": 0.34782608695652173,
            "std": 0.0
        },
        "precision": {
            "mean": 0.9209486166007906,
            "std": 0.0
        },
        "recall": {
            "mean": 0.34782608695652173,
            "std": 0.0
        },
        "f1": {
            "mean": 0.46989966555183943,
            "std": 5.551115123125783e-17
        }
    },
    "Rectum adenocarcinoma": {
        "accuracy": {
            "mean": 0.6,
            "std": 0.0349927106111883
        },
        "precision": {
            "mean": 0.6785714285714286,
            "std": 0.0
        },
        "recall": {
            "mean": 0.6,
            "std": 0.0349927106111883
        },
        "f1": {
            "mean": 0.6284929356357927,
            "std": 0.021982600255746446
        }
    },
    "Skin Cutaneous Melanoma": {
        "accuracy": {
            "mean": 0.7,
            "std": 0.0
        },
        "precision": {
            "mean": 1.0,
            "std": 0.0
        },
        "recall": {
            "mean": 0.7,
            "std": 0.0
        },
        "f1": {
            "mean": 0.8153846153846154,
            "std": 0.0
        }
    },
    "Stomach adenocarcinoma": {
        "accuracy": {
            "mean": 0.44000000000000006,
            "std": 0.013997084244475308
        },
        "precision": {
            "mean": 0.7483174603174604,
            "std": 0.07526592479752105
        },
        "recall": {
            "mean": 0.44000000000000006,
            "std": 0.013997084244475308
        },
        "f1": {
            "mean": 0.5470903010033444,