{
    "Adrenocortical carcinoma": {
        "accuracy": {
            "mean": 1.0,
            "std": 0.0
        },
        "precision": {
            "mean": 1.0,
            "std": 0.0
        },
        "recall": {
            "mean": 1.0,
            "std": 0.0
        },
        "f1": {
            "mean": 1.0,
            "std": 0.0
        }
    },
    "Bladder Urothelial Carcinoma": {
        "accuracy": {
            "mean": 0.8400000000000001,
            "std": 0.020000000000000018
        },
        "precision": {
            "mean": 0.8400833333333333,
            "std": 0.02075179963782943
        },
        "recall": {
            "mean": 0.8400000000000001,
            "std": 0.020000000000000018
        },
        "f1": {
            "mean": 0.835002035002035,
            "std": 0.022787455108395773
        }
    },
    "Breast invasive carcinoma": {
        "accuracy": {
            "mean": 0.8957446808510638,
            "std": 0.004255319148936198
        },
        "precision": {
            "mean": 0.9248044197386189,
            "std": 0.002516309541997087
        },
        "recall": {
            "mean": 0.8957446808510638,
            "std": 0.004255319148936198
        },
        "f1": {
            "mean": 0.9036666035001927,
            "std": 0.0034631590231417415
        }
    },
    "Cholangiocarcinoma": {
        "accuracy": {
            "mean": 0.7200000000000001,
            "std": 0.09797958971132717
        },
        "precision": {
            "mean": 0.6599999999999999,
            "std": 0.04898979485566355
        },
        "recall": {
            "mean": 0.7200000000000001,
            "std": 0.09797958971132717
        },
        "f1": {
            "mean": 0.6799999999999999,
            "std": 0.06531972647421806
        }
    },
    "Colon adenocarcinoma": {
        "accuracy": {
            "mean": 0.875,
            "std": 0.0
        },
        "precision": {
            "mean": 0.8895833333333332,
            "std": 1.1102230246251565e-16
        },
        "recall": {
            "mean": 0.875,
            "std": 0.0
        },
        "f1": {
            "mean": 0.8780123432601881,
            "std": 1.1102230246251565e-16
        }
    },
    "Esophageal carcinoma": {
        "accuracy": {
            "mean": 0.8533333333333333,
            "std": 0.026666666666666665
        },
        "precision": {
            "mean": 0.8493333333333333,
            "std": 0.034666666666666714
        },
        "recall": {
            "mean": 0.8533333333333333,
            "std": 0.026666666666666665
        },
        "f1": {
            "mean": 0.8503859649122807,
            "std": 0.032561403508771875
        }
    },
    "Head and Neck squamous cell carcinoma": {
        "accuracy": {
            "mean": 0.8311111111111111,
            "std": 0.010886621079036363
        },
        "precision": {
            "mean": 0.8545184445184445,
            "std": 0.005597212879635109
        },
        "recall": {
            "mean": 0.8311111111111111,
            "std": 0.010886621079036363
        },
        "f1": {
            "mean": 0.8348309040692635,
            "std": 0.009300141191476345
        }
    },
    "Kidney Chromophobe": {
        "accuracy": {
            "mean": 0.909090909090909,
            "std": 1.1102230246251565e-16
        },
        "precision": {
            "mean": 0.909090909090909,
            "std": 1.1102230246251565e-16
        },
        "recall": {
            "mean": 0.909090909090909,
            "std": 1.1102230246251565e-16
        },
        "f1": {
            "mean": 0.909090909090909,
            "std": 1.1102230246251565e-16
        }
    },
    "Kidney renal clear cell carcinoma": {
        "accuracy": {
            "mean": 0.9333333333333333,
            "std": 0.008333333333333349
        },
        "precision": {
            "mean": 0.9375641025641025,
            "std": 0.006282051282051304
        },
        "recall": {
            "mean": 0.9333333333333333,
            "std": 0.008333333333333349
        },
        "f1": {
            "mean": 0.9347962962962961,
            "std": 0.007444444444444453
        }
    },
    "Kidney renal papillary cell carcinoma": {
        "accuracy": {
            "mean": 0.909090909090909,
            "std": 1.1102230246251565e-16
        },
        "precision": {
            "mean": 1.0,
            "std": 0.0
        },
        "recall": {
            "mean": 0.909090909090909,
            "std": 1.1102230246251565e-16
        },
        "f1": {
            "mean": 0.9516441005802708,
            "std": 0.0
        }
    },
    "Liver hepatocellular carcinoma": {
        "accuracy": {
            "mean": 0.8846153846153847,
            "std": 1.1102230246251565e-16
        },
        "precision": {
            "mean": 0.9743589743589742,
            "std": 1.1102230246251565e-16
        },
        "recall": {
            "mean": 0.8846153846153847,
            "std": 1.1102230246251565e-16
        },
        "f1": {
            "mean": 0.9129684418145956,
            "std": 0.0
        }
    },
    "Lung adenocarcinoma": {
        "accuracy": {
            "mean": 0.8102564102564103,
            "std": 0.012561485860426564
        },
        "precision": {
            "mean": 0.8621847353426301,
            "std": 0.024586246782584975
        },
        "recall": {
            "mean": 0.8102564102564103,
            "std": 0.012561485860426564
        },
        "f1": {
            "mean": 0.8185743435743437,
            "std": 0.013994509902794673
        }
    },
    "Lung squamous cell carcinoma": {
        "accuracy": {
            "mean": 0.8491228070175438,
            "std": 0.008594700851870828
        },
        "precision": {
            "mean": 0.9113786992734362,
            "std": 0.009901953753198618
        },
        "recall": {
            "mean": 0.8491228070175438,
            "std": 0.008594700851870828
        },
        "f1": {
            "mean": 0.876033407311818,
            "std": 0.00854965319913942
        }
    },
    "Mesothelioma": {
        "accuracy": {
            "mean": 0.6333333333333332,
            "std": 0.06666666666666665
        },
        "precision": {
            "mean": 0.5966666666666666,
            "std": 0.090921211313239
        },
        "recall": {
            "mean": 0.6333333333333332,
            "std": 0.06666666666666665
        },
        "f1": {
            "mean": 0.5821428571428571,
            "std": 0.07023473223049291
        }
    },
    "Pancreatic adenocarcinoma": {
        "accuracy": {
            "mean": 0.8260869565217392,
            "std": 0.027498066610159803
        },
        "precision": {
            "mean": 0.9130434782608695,
            "std": 0.0
        },
        "recall": {
            "mean": 0.8260869565217392,
            "std": 0.027498066610159803
        },
        "f1": {
            "mean": 0.8671514805449059,
            "std": 0.015170632780912517
        }
    },
    "Rectum adenocarcinoma": {
        "accuracy": {
            "mean": 1.0,
            "std": 0.0
        },
        "precision": {
            "mean": 1.0,
            "std": 0.0
        },
        "recall": {
            "mean": 1.0,
            "std": 0.0
        },
        "f1": {
            "mean": 1.0,
            "std": 0.0
        }
    },
    "Skin Cutaneous Melanoma": {
        "accuracy": {
            "mean": 0.96,
            "std": 0.04898979485566354
        },
        "precision": {
            "mean": 0.9733333333333334,
            "std": 0.03265986323710904
        },
        "recall": {
            "mean": 0.96,
            "std": 0.04898979485566354
        },
        "f1": {
            "mean": 0.9626666666666667,
            "std": 0.04572380853195268
        }
    },
    "Stomach adenocarcinoma": {
        "accuracy": {
            "mean": 0.8457142857142858,
            "std": 0.034285714285714246
        },