{
    "adrenocortical carcinoma": {
        "accuracy": {
            "mean": 1.0,
            "std": 0.0
        },
        "precision": {
            "mean": 1.0,
            "std": 0.0
        },
        "recall": {
            "mean": 1.0,
            "std": 0.0
        },
        "f1": {
            "mean": 1.0,
            "std": 0.0
        }
    },
    "bladder urothelial carcinoma": {
        "accuracy": {
            "mean": 1.0,
            "std": 0.0
        },
        "precision": {
            "mean": 1.0,
            "std": 0.0
        },
        "recall": {
            "mean": 1.0,
            "std": 0.0
        },
        "f1": {
            "mean": 1.0,
            "std": 0.0
        }
    },
    "brain lower grade glioma": {
        "accuracy": {
            "mean": 0.9795918367346939,
            "std": 0.0
        },
        "precision": {
            "mean": 1.0,
            "std": 0.0
        },
        "recall": {
            "mean": 0.9795918367346939,
            "std": 0.0
        },
        "f1": {
            "mean": 0.9896907216494846,
            "std": 0.0
        }
    },
    "breast invasive carcinoma": {
        "accuracy": {
            "mean": 0.9979591836734695,
            "std": 0.004081632653061229
        },
        "precision": {
            "mean": 1.0,
            "std": 0.0
        },
        "recall": {
            "mean": 0.9979591836734695,
            "std": 0.004081632653061229
        },
        "f1": {
            "mean": 0.9989743589743589,
            "std": 0.0020512820512820886
        }
    },
    "cervical squamous cell carcinoma and endocervical adenocarcinoma": {
        "accuracy": {
            "mean": 0.9923076923076923,
            "std": 0.015384615384615375
        },
        "precision": {
            "mean": 1.0,
            "std": 0.0
        },
        "recall": {
            "mean": 0.9923076923076923,
            "std": 0.015384615384615375
        },
        "f1": {
            "mean": 0.996078431372549,
            "std": 0.007843137254901978
        }
    },
    "cholangiocarcinoma": {
        "accuracy": {
            "mean": 1.0,
            "std": 0.0
        },
        "precision": {
            "mean": 1.0,
            "std": 0.0
        },
        "recall": {
            "mean": 1.0,
            "std": 0.0
        },
        "f1": {
            "mean": 1.0,
            "std": 0.0
        }
    },
    "colon adenocarcinoma": {
        "accuracy": {
            "mean": 1.0,
            "std": 0.0
        },
        "precision": {
            "mean": 1.0,
            "std": 0.0
        },
        "recall": {
            "mean": 1.0,
            "std": 0.0
        },
        "f1": {
            "mean": 1.0,
            "std": 0.0
        }
    },
    "esophageal carcinoma": {
        "accuracy": {
            "mean": 1.0,
            "std": 0.0
        },
        "precision": {
            "mean": 1.0,
            "std": 0.0
        },
        "recall": {
            "mean": 1.0,
            "std": 0.0
        },
        "f1": {
            "mean": 1.0,
            "std": 0.0
        }
    },
    "glioblastoma multiforme": {
        "accuracy": {
            "mean": 1.0,
            "std": 0.0
        },
        "precision": {
            "mean": 1.0,
            "std": 0.0
        },
        "recall": {
            "mean": 1.0,
            "std": 0.0
        },
        "f1": {
            "mean": 1.0,
            "std": 0.0
        }
    },
    "head and neck squamous cell carcinoma": {
        "accuracy": {
            "mean": 1.0,
            "std": 0.0
        },
        "precision": {
            "mean": 1.0,
            "std": 0.0
        },
        "recall": {
            "mean": 1.0,
            "std": 0.0
        },
        "f1": {
            "mean": 1.0,
            "std": 0.0
        }
    },
    "kidney chromophobe": {
        "accuracy": {
            "mean": 1.0,
            "std": 0.0
        },
        "precision": {
            "mean": 1.0,
            "std": 0.0
        },
        "recall": {
            "mean": 1.0,
            "std": 0.0
        },
        "f1": {
            "mean": 1.0,
            "std": 0.0
        }
    },
    "kidney renal clear cell carcinoma": {
        "accuracy": {
            "mean": 0.975,
            "std": 0.008333333333333304
        },
        "precision": {
            "mean": 1.0,
            "std": 0.0
        },
        "recall": {
            "mean": 0.975,
            "std": 0.008333333333333304
        },
        "f1": {
            "mean": 0.9873236282194849,
            "std": 0.00430011198208291
        }
    },
    "kidney renal papillary cell carcinoma": {
        "accuracy": {
            "mean": 0.8864864864864865,
            "std": 0.010810810810810789
        },
        "precision": {
            "mean": 1.0,
            "std": 0.0
        },
        "recall": {
            "mean": 0.8864864864864865,
            "std": 0.010810810810810789
        },
        "f1": {
            "mean": 0.9397929606625258,
            "std": 0.006128364389233943
        }
    },
    "liver hepatocellular carcinoma": {
        "accuracy": {
            "mean": 1.0,
            "std": 0.0
        },
        "precision": {
            "mean": 1.0,
            "std": 0.0
        },
        "recall": {
            "mean": 1.0,
            "std": 0.0
        },
        "f1": {
            "mean": 1.0,
            "std": 0.0
        }
    },
    "lung adenocarcinoma": {
        "accuracy": {
            "mean": 0.9853658536585366,
            "std": 0.01194873045260088
        },
        "precision": {
            "mean": 1.0,
            "std": 0.0
        },
        "recall": {
            "mean": 0.9853658536585366,
            "std": 0.01194873045260088
        },
        "f1": {
            "mean": 0.9925925925925926,
            "std": 0.006048122821686886
        }
    },
    "lung squamous cell carcinoma": {
        "accuracy": {
            "mean": 0.9649122807017545,
            "std": 1.1102230246251565e-16
        },
        "precision": {
            "mean": 1.0,
            "std": 0.0
        },
        "recall": {
            "mean": 0.9649122807017545,
            "std": 1.1102230246251565e-16
        },
        "f1": {
            "mean": 0.9821428571428573,
            "std": 1.1102230246251565e-16
        }
    },
    "lymphoid neoplasm diffuse large b-cell lymphoma": {
        "accuracy": {
            "mean": 1.0,
            "std": 0.0
        },
        "precision": {
            "mean": 1.0,
            "std": 0.0
        },
        "recall": {
            "mean": 1.0,
            "std": 0.0
        },
        "f1": {
            "mean": 1.0,
            "std": 0.0
        }
    },
    "mesothelioma": {
        "accuracy": {
            "mean": 1.0,
            "std": 0.0
        },
        "precision": {
            "mean": 1.0,
            "std": 0.0
        },
        "recall": {
            "mean": 1.0,
            "std": 0.0
        },
        "f1": {
            "mean": 1.0,
            "std": 0.0
        }
    },
    "ovarian serous cystadenocarcinoma": {
        "accuracy": {
            "mean": 0.9411764705882353,
            "std": 0.0
        },
        "precision": {
            "mean": 1.0,
            "std": 0.0
        },
        "recall": {
            "mean": 0.9411764705882353,
            "std": 0.0
        },
        "f1": {
            "mean": 0.9696969696969697,
            "std": 0.0
        }
    },
    "pancreatic adenocarcinoma": {
        "accuracy": {
            "mean": 1.0,
            "std": 0.0
        },
        "precision": {
            "mean": 1.0,
            "std": 0.0
        },
        "recall": {
            "mean": 1.0,
            "std": 0.0
        },
        "f1": {
            "mean": 1.0,
            "std": 0.0
        }
    },
    "pheochromocytoma and paraganglioma": {
        "accuracy": {
            "mean": 1.0,
            "std": 0.0
        },