{
    "adrenocortical carcinoma": {
        "accuracy": {
            "mean": 0.5,
            "std": 0.0
        },
        "precision": {
            "mean": 1.0,
            "std": 0.0
        },
        "recall": {
            "mean": 0.5,
            "std": 0.0
        },
        "f1": {
            "mean": 0.6666666666666666,
            "std": 0.0
        }
    },
    "bladder urothelial carcinoma": {
        "accuracy": {
            "mean": 0.76,
            "std": 0.012247448713915901
        },
        "precision": {
            "mean": 1.0,
            "std": 0.0
        },
        "recall": {
            "mean": 0.76,
            "std": 0.012247448713915901
        },
        "f1": {
            "mean": 0.8635814889336016,
            "std": 0.00788568126449318
        }
    },
    "brain lower grade glioma": {
        "accuracy": {
            "mean": 0.9306122448979591,
            "std": 0.00999791731748237
        },
        "precision": {
            "mean": 1.0,
            "std": 0.0
        },
        "recall": {
            "mean": 0.9306122448979591,
            "std": 0.00999791731748237
        },
        "f1": {
            "mean": 0.9640313549832028,
            "std": 0.005376259681808525
        }
    },
    "breast invasive carcinoma": {
        "accuracy": {
            "mean": 0.6469387755102041,
            "std": 0.004998958658741131
        },
        "precision": {
            "mean": 1.0,
            "std": 0.0
        },
        "recall": {
            "mean": 0.6469387755102041,
            "std": 0.004998958658741131
        },
        "f1": {
            "mean": 0.7856146001073537,
            "std": 0.0036814660653746267
        }
    },
    "cervical squamous cell carcinoma and endocervical adenocarcinoma": {
        "accuracy": {
            "mean": 0.7461538461538462,
            "std": 0.018842228790639876
        },
        "precision": {
            "mean": 1.0,
            "std": 0.0
        },
        "recall": {
            "mean": 0.7461538461538462,
            "std": 0.018842228790639876
        },
        "f1": {
            "mean": 0.8544927536231883,
            "std": 0.012306615132823794
        }
    },
    "cholangiocarcinoma": {
        "accuracy": {
            "mean": 0.8,
            "std": 0.0
        },
        "precision": {
            "mean": 1.0,
            "std": 0.0
        },
        "recall": {
            "mean": 0.8,
            "std": 0.0
        },
        "f1": {
            "mean": 0.888888888888889,
            "std": 0.0
        }
    },
    "colon adenocarcinoma": {
        "accuracy": {
            "mean": 0.8588235294117647,
            "std": 0.011764705882352944
        },
        "precision": {
            "mean": 1.0,
            "std": 0.0
        },
        "recall": {
            "mean": 0.8588235294117647,
            "std": 0.011764705882352944
        },
        "f1": {
            "mean": 0.9240079365079363,
            "std": 0.006746031746031766
        }
    },
    "esophageal carcinoma": {
        "accuracy": {
            "mean": 0.4117647058823529,
            "std": 0.0
        },
        "precision": {
            "mean": 1.0,
            "std": 0.0
        },
        "recall": {
            "mean": 0.4117647058823529,
            "std": 0.0
        },
        "f1": {
            "mean": 0.5833333333333334,
            "std": 0.0
        }
    },
    "glioblastoma multiforme": {
        "accuracy": {
            "mean": 0.5199999999999999,
            "std": 0.010000000000000009
        },
        "precision": {
            "mean": 1.0,
            "std": 0.0
        },
        "recall": {
            "mean": 0.5199999999999999,
            "std": 0.010000000000000009
        },
        "f1": {
            "mean": 0.684153005464481,
            "std": 0.008743169398907158
        }
    },
    "head and neck squamous cell carcinoma": {
        "accuracy": {
            "mean": 0.8490566037735849,
            "std": 0.0
        },
        "precision": {
            "mean": 1.0,
            "std": 0.0
        },
        "recall": {
            "mean": 0.8490566037735849,
            "std": 0.0
        },
        "f1": {
            "mean": 0.9183673469387756,
            "std": 1.1102230246251565e-16
        }
    },
    "kidney chromophobe": {
        "accuracy": {
            "mean": 0.5454545454545454,
            "std": 0.0
        },
        "precision": {
            "mean": 1.0,
            "std": 0.0
        },
        "recall": {
            "mean": 0.5454545454545454,
            "std": 0.0
        },
        "f1": {
            "mean": 0.7058823529411764,
            "std": 0.0
        }
    },
    "kidney renal clear cell carcinoma": {
        "accuracy": {
            "mean": 0.9208333333333334,
            "std": 0.02429563289518875
        },
        "precision": {
            "mean": 1.0,
            "std": 0.0
        },
        "recall": {
            "mean": 0.9208333333333334,
            "std": 0.02429563289518875
        },
        "f1": {
            "mean": 0.9586193937959031,
            "std": 0.0131132047783045
        }
    },
    "kidney renal papillary cell carcinoma": {
        "accuracy": {
            "mean": 0.518918918918919,
            "std": 0.010810810810810834
        },
        "precision": {
            "mean": 1.0,
            "std": 0.0
        },
        "recall": {
            "mean": 0.518918918918919,
            "std": 0.010810810810810834
        },
        "f1": {
            "mean": 0.6832080200501253,
            "std": 0.009273182957393544
        }
    },
    "liver hepatocellular carcinoma": {
        "accuracy": {
            "mean": 0.8133333333333332,
            "std": 0.016329931618554516
        },
        "precision": {
            "mean": 1.0,
            "std": 0.0
        },
        "recall": {
            "mean": 0.8133333333333332,
            "std": 0.016329931618554516
        },
        "f1": {
            "mean": 0.8969696969696971,
            "std": 0.00989692825366936
        }
    },
    "lung adenocarcinoma": {
        "accuracy": {
            "mean": 0.8682926829268294,
            "std": 0.01194873045260088
        },
        "precision": {
            "mean": 1.0,
            "std": 0.0
        },
        "recall": {
            "mean": 0.8682926829268294,
            "std": 0.01194873045260088
        },
        "f1": {
            "mean": 0.92946001367054,
            "std": 0.006864598732338367
        }
    },
    "lung squamous cell carcinoma": {
        "accuracy": {
            "mean": 0.712280701754386,
            "std": 0.008594700851870828
        },
        "precision": {
            "mean": 1.0,
            "std": 0.0
        },
        "recall": {
            "mean": 0.712280701754386,
            "std": 0.008594700851870828
        },
        "f1": {
            "mean": 0.8319377235430254,
            "std": 0.00587506481542782
        }
    },
    "lymphoid neoplasm diffuse large b-cell lymphoma": {
        "accuracy": {
            "mean": 0.875,
            "std": 0.0
        },
        "precision": {
            "mean": 1.0,
            "std": 0.0
        },
        "recall": {
            "mean": 0.875,
            "std": 0.0
        },
        "f1": {
            "mean": 0.9333333333333333,
            "std": 0.0
        }
    },
    "mesothelioma": {
        "accuracy": {
            "mean": 0.5666666666666667,
            "std": 0.08164965809277258
        },
        "precision": {
            "mean": 1.0,
            "std": 0.0
        },
        "recall": {
            "mean": 0.5666666666666667,
            "std": 0.08164965809277258
        },
        "f1": {
            "mean": 0.72,
            "std": 0.06531972647421812
        }
    },
    "ovarian serous cystadenocarcinoma": {
        "accuracy": {
            "mean": 0.6176470588235294,
            "std": 0.0
        },
        "precision": {
            "mean": 1.0,