{
    "adrenocortical carcinoma": {
        "accuracy": {
            "mean": 1.0,
            "std": 0.0
        },
        "precision": {
            "mean": 1.0,
            "std": 0.0
        },
        "recall": {
            "mean": 1.0,
            "std": 0.0
        },
        "f1": {
            "mean": 1.0,
            "std": 0.0
        }
    },
    "bladder urothelial carcinoma": {
        "accuracy": {
            "mean": 0.975,
            "std": 0.0
        },
        "precision": {
            "mean": 1.0,
            "std": 0.0
        },
        "recall": {
            "mean": 0.975,
            "std": 0.0
        },
        "f1": {
            "mean": 0.9873417721518987,
            "std": 0.0
        }
    },
    "brain lower grade glioma": {
        "accuracy": {
            "mean": 0.9183673469387756,
            "std": 1.1102230246251565e-16
        },
        "precision": {
            "mean": 1.0,
            "std": 0.0
        },
        "recall": {
            "mean": 0.9183673469387756,
            "std": 1.1102230246251565e-16
        },
        "f1": {
            "mean": 0.9574468085106383,
            "std": 0.0
        }
    },
    "breast invasive carcinoma": {
        "accuracy": {
            "mean": 0.9265306122448982,
            "std": 0.004081632653061228
        },
        "precision": {
            "mean": 1.0,
            "std": 0.0
        },
        "recall": {
            "mean": 0.9265306122448982,
            "std": 0.004081632653061228
        },
        "f1": {
            "mean": 0.961859732072498,
            "std": 0.0022064617809298692
        }
    },
    "cervical squamous cell carcinoma and endocervical adenocarcinoma": {
        "accuracy": {
            "mean": 0.11538461538461539,
            "std": 0.0
        },
        "precision": {
            "mean": 1.0,
            "std": 0.0
        },
        "recall": {
            "mean": 0.11538461538461539,
            "std": 0.0
        },
        "f1": {
            "mean": 0.20689655172413796,
            "std": 2.7755575615628914e-17
        }
    },
    "cholangiocarcinoma": {
        "accuracy": {
            "mean": 0.8,
            "std": 0.0
        },
        "precision": {
            "mean": 1.0,
            "std": 0.0
        },
        "recall": {
            "mean": 0.8,
            "std": 0.0
        },
        "f1": {
            "mean": 0.888888888888889,
            "std": 0.0
        }
    },
    "colon adenocarcinoma": {
        "accuracy": {
            "mean": 0.9705882352941175,
            "std": 1.1102230246251565e-16
        },
        "precision": {
            "mean": 1.0,
            "std": 0.0
        },
        "recall": {
            "mean": 0.9705882352941175,
            "std": 1.1102230246251565e-16
        },
        "f1": {
            "mean": 0.9850746268656716,
            "std": 0.0
        }
    },
    "esophageal carcinoma": {
        "accuracy": {
            "mean": 0.8823529411764707,
            "std": 1.1102230246251565e-16
        },
        "precision": {
            "mean": 1.0,
            "std": 0.0
        },
        "recall": {
            "mean": 0.8823529411764707,
            "std": 1.1102230246251565e-16
        },
        "f1": {
            "mean": 0.9375,
            "std": 0.0
        }
    },
    "glioblastoma multiforme": {
        "accuracy": {
            "mean": 0.99,
            "std": 0.012247448713915901
        },
        "precision": {
            "mean": 1.0,
            "std": 0.0
        },
        "recall": {
            "mean": 0.99,
            "std": 0.012247448713915901
        },
        "f1": {
            "mean": 0.9949367088607595,
            "std": 0.006201239855147319
        }
    },
    "head and neck squamous cell carcinoma": {
        "accuracy": {
            "mean": 0.9811320754716981,
            "std": 0.0
        },
        "precision": {
            "mean": 1.0,
            "std": 0.0
        },
        "recall": {
            "mean": 0.9811320754716981,
            "std": 0.0
        },
        "f1": {
            "mean": 0.9904761904761905,
            "std": 0.0
        }
    },
    "kidney chromophobe": {
        "accuracy": {
            "mean": 0.909090909090909,
            "std": 1.1102230246251565e-16
        },
        "precision": {
            "mean": 1.0,
            "std": 0.0
        },
        "recall": {
            "mean": 0.909090909090909,
            "std": 1.1102230246251565e-16
        },
        "f1": {
            "mean": 0.9523809523809523,
            "std": 0.0
        }
    },
    "kidney renal clear cell carcinoma": {
        "accuracy": {
            "mean": 0.9583333333333334,
            "std": 0.0
        },
        "precision": {
            "mean": 1.0,
            "std": 0.0
        },
        "recall": {
            "mean": 0.9583333333333334,
            "std": 0.0
        },
        "f1": {
            "mean": 0.9787234042553191,
            "std": 0.0
        }
    },
    "kidney renal papillary cell carcinoma": {
        "accuracy": {
            "mean": 0.918918918918919,
            "std": 0.0
        },
        "precision": {
            "mean": 1.0,
            "std": 0.0
        },
        "recall": {
            "mean": 0.918918918918919,
            "std": 0.0
        },
        "f1": {
            "mean": 0.9577464788732396,
            "std": 1.1102230246251565e-16
        }
    },
    "liver hepatocellular carcinoma": {
        "accuracy": {
            "mean": 1.0,
            "std": 0.0
        },
        "precision": {
            "mean": 1.0,
            "std": 0.0
        },
        "recall": {
            "mean": 1.0,
            "std": 0.0
        },
        "f1": {
            "mean": 1.0,
            "std": 0.0
        }
    },
    "lung adenocarcinoma": {
        "accuracy": {
            "mean": 0.975609756097561,
            "std": 0.0
        },
        "precision": {
            "mean": 1.0,
            "std": 0.0
        },
        "recall": {
            "mean": 0.975609756097561,
            "std": 0.0
        },
        "f1": {
            "mean": 0.9876543209876543,
            "std": 0.0
        }
    },
    "lung squamous cell carcinoma": {
        "accuracy": {
            "mean": 0.8947368421052632,
            "std": 0.0
        },
        "precision": {
            "mean": 1.0,
            "std": 0.0
        },
        "recall": {
            "mean": 0.8947368421052632,
            "std": 0.0
        },
        "f1": {
            "mean": 0.9444444444444444,
            "std": 0.0
        }
    },
    "lymphoid neoplasm diffuse large b-cell lymphoma": {
        "accuracy": {
            "mean": 1.0,
            "std": 0.0
        },
        "precision": {
            "mean": 1.0,
            "std": 0.0
        },
        "recall": {
            "mean": 1.0,
            "std": 0.0
        },
        "f1": {
            "mean": 1.0,
            "std": 0.0
        }
    },
    "mesothelioma": {
        "accuracy": {
            "mean": 1.0,
            "std": 0.0
        },
        "precision": {
            "mean": 1.0,
            "std": 0.0
        },
        "recall": {
            "mean": 1.0,
            "std": 0.0
        },
        "f1": {
            "mean": 1.0,
            "std": 0.0
        }
    },
    "ovarian serous cystadenocarcinoma": {
        "accuracy": {
            "mean": 0.8823529411764707,
            "std": 1.1102230246251565e-16
        },
        "precision": {
            "mean": 1.0,
            "std": 0.0
        },
        "recall": {
            "mean": 0.8823529411764707,
            "std": 1.1102230246251565e-16
        },
        "f1": {
            "mean": 0.9375,
            "std": 0.0
        }
    },
    "pancreatic adenocarcinoma": {
        "accuracy": {
            "mean": 0.9565217391304348,
            "std": 0.0
        },
        "precision": {
            "mean": 1.0,
            "std": 0.0
        },