{
    "adrenocortical carcinoma": {
        "accuracy": {
            "mean": 1.0,
            "std": 0.0
        },
        "precision": {
            "mean": 1.0,
            "std": 0.0
        },
        "recall": {
            "mean": 1.0,
            "std": 0.0
        },
        "f1": {
            "mean": 1.0,
            "std": 0.0
        }
    },
    "bladder urothelial carcinoma": {
        "accuracy": {
            "mean": 0.975,
            "std": 0.0
        },
        "precision": {
            "mean": 1.0,
            "std": 0.0
        },
        "recall": {
            "mean": 0.975,
            "std": 0.0
        },
        "f1": {
            "mean": 0.9873417721518987,
            "std": 0.0
        }
    },
    "brain lower grade glioma": {
        "accuracy": {
            "mean": 0.9918367346938777,
            "std": 0.00999791731748237
        },
        "precision": {
            "mean": 1.0,
            "std": 0.0
        },
        "recall": {
            "mean": 0.9918367346938777,
            "std": 0.00999791731748237
        },
        "f1": {
            "mean": 0.9958762886597938,
            "std": 0.005050494315016844
        }
    },
    "breast invasive carcinoma": {
        "accuracy": {
            "mean": 0.9693877551020409,
            "std": 1.1102230246251565e-16
        },
        "precision": {
            "mean": 1.0,
            "std": 0.0
        },
        "recall": {
            "mean": 0.9693877551020409,
            "std": 1.1102230246251565e-16
        },
        "f1": {
            "mean": 0.984455958549223,
            "std": 1.1102230246251565e-16
        }
    },
    "cervical squamous cell carcinoma and endocervical adenocarcinoma": {
        "accuracy": {
            "mean": 0.9846153846153847,
            "std": 0.01884222879063982
        },
        "precision": {
            "mean": 1.0,
            "std": 0.0
        },
        "recall": {
            "mean": 0.9846153846153847,
            "std": 0.01884222879063982
        },
        "f1": {
            "mean": 0.9921568627450981,
            "std": 0.009605842128561503
        }
    },
    "cholangiocarcinoma": {
        "accuracy": {
            "mean": 1.0,
            "std": 0.0
        },
        "precision": {
            "mean": 1.0,
            "std": 0.0
        },
        "recall": {
            "mean": 1.0,
            "std": 0.0
        },
        "f1": {
            "mean": 1.0,
            "std": 0.0
        }
    },
    "colon adenocarcinoma": {
        "accuracy": {
            "mean": 1.0,
            "std": 0.0
        },
        "precision": {
            "mean": 1.0,
            "std": 0.0
        },
        "recall": {
            "mean": 1.0,
            "std": 0.0
        },
        "f1": {
            "mean": 1.0,
            "std": 0.0
        }
    },
    "esophageal carcinoma": {
        "accuracy": {
            "mean": 0.9058823529411765,
            "std": 0.028817526385684453
        },
        "precision": {
            "mean": 1.0,
            "std": 0.0
        },
        "recall": {
            "mean": 0.9058823529411765,
            "std": 0.028817526385684453
        },
        "f1": {
            "mean": 0.9503787878787879,
            "std": 0.01577322940428563
        }
    },
    "glioblastoma multiforme": {
        "accuracy": {
            "mean": 0.96,
            "std": 0.012247448713915901
        },
        "precision": {
            "mean": 1.0,
            "std": 0.0
        },
        "recall": {
            "mean": 0.96,
            "std": 0.012247448713915901
        },
        "f1": {
            "mean": 0.9795520934761441,
            "std": 0.006360246005279245
        }
    },
    "head and neck squamous cell carcinoma": {
        "accuracy": {
            "mean": 0.8754716981132077,
            "std": 0.009243357519936518
        },
        "precision": {
            "mean": 1.0,
            "std": 0.0
        },
        "recall": {
            "mean": 0.8754716981132077,
            "std": 0.009243357519936518
        },
        "f1": {
            "mean": 0.9335757575757576,
            "std": 0.005245371974444819
        }
    },
    "kidney chromophobe": {
        "accuracy": {
            "mean": 1.0,
            "std": 0.0
        },
        "precision": {
            "mean": 1.0,
            "std": 0.0
        },
        "recall": {
            "mean": 1.0,
            "std": 0.0
        },
        "f1": {
            "mean": 1.0,
            "std": 0.0
        }
    },
    "kidney renal clear cell carcinoma": {
        "accuracy": {
            "mean": 0.9791666666666666,
            "std": 0.0
        },
        "precision": {
            "mean": 1.0,
            "std": 0.0
        },
        "recall": {
            "mean": 0.9791666666666666,
            "std": 0.0
        },
        "f1": {
            "mean": 0.9894736842105264,
            "std": 0.0
        }
    },
    "kidney renal papillary cell carcinoma": {
        "accuracy": {
            "mean": 0.9081081081081083,
            "std": 0.013240485096125316
        },
        "precision": {
            "mean": 1.0,
            "std": 0.0
        },
        "recall": {
            "mean": 0.9081081081081083,
            "std": 0.013240485096125316
        },
        "f1": {
            "mean": 0.9517907444668008,
            "std": 0.007294255169656181
        }
    },
    "liver hepatocellular carcinoma": {
        "accuracy": {
            "mean": 0.96,
            "std": 0.01333333333333333
        },
        "precision": {
            "mean": 1.0,
            "std": 0.0
        },
        "recall": {
            "mean": 0.96,
            "std": 0.01333333333333333
        },
        "f1": {
            "mean": 0.9795441262419636,
            "std": 0.007013442431326666
        }
    },
    "lung adenocarcinoma": {
        "accuracy": {
            "mean": 0.975609756097561,
            "std": 0.0
        },
        "precision": {
            "mean": 1.0,
            "std": 0.0
        },
        "recall": {
            "mean": 0.975609756097561,
            "std": 0.0
        },
        "f1": {
            "mean": 0.9876543209876543,
            "std": 0.0
        }
    },
    "lung squamous cell carcinoma": {
        "accuracy": {
            "mean": 0.9087719298245613,
            "std": 0.0070175438596491
        },
        "precision": {
            "mean": 1.0,
            "std": 0.0
        },
        "recall": {
            "mean": 0.9087719298245613,
            "std": 0.0070175438596491
        },
        "f1": {
            "mean": 0.9521916411824668,
            "std": 0.0038735983690112
        }
    },
    "lymphoid neoplasm diffuse large b-cell lymphoma": {
        "accuracy": {
            "mean": 1.0,
            "std": 0.0
        },
        "precision": {
            "mean": 1.0,
            "std": 0.0
        },
        "recall": {
            "mean": 1.0,
            "std": 0.0
        },
        "f1": {
            "mean": 1.0,
            "std": 0.0
        }
    },
    "mesothelioma": {
        "accuracy": {
            "mean": 1.0,
            "std": 0.0
        },
        "precision": {
            "mean": 1.0,
            "std": 0.0
        },
        "recall": {
            "mean": 1.0,
            "std": 0.0
        },
        "f1": {
            "mean": 1.0,
            "std": 0.0
        }
    },
    "ovarian serous cystadenocarcinoma": {
        "accuracy": {
            "mean": 0.9470588235294117,
            "std": 0.011764705882352944
        },
        "precision": {
            "mean": 1.0,
            "std": 0.0
        },
        "recall": {
            "mean": 0.9470588235294117,
            "std": 0.011764705882352944
        },
        "f1": {
            "mean": 0.97277250113071,
            "std": 0.00615106286748075
        }
    },
    "pancreatic adenocarcinoma": {
        "accuracy": {
            "mean": 0.8695652173913043,
            "std": 0.0
        },