{
    "Adrenocortical carcinoma": {
        "accuracy": {
            "mean": 0.6666666666666666,
            "std": 0.0
        },
        "precision": {
            "mean": 0.3333333333333333,
            "std": 0.0
        },
        "recall": {
            "mean": 1.0,
            "std": 0.0
        },
        "f1": {
            "mean": 0.5,
            "std": 0.0
        },
        "roc_auc": {
            "mean": 0.8,
            "std": 0.0
        }
    },
    "Bladder Urothelial Carcinoma": {
        "accuracy": {
            "mean": 0.475,
            "std": 0.030618621784789732
        },
        "precision": {
            "mean": 0.37733333333333335,
            "std": 0.023231922482270444
        },
        "recall": {
            "mean": 0.6133333333333334,
            "std": 0.02981423969999719
        },
        "f1": {
            "mean": 0.4671794871794872,
            "std": 0.02615824497950174
        },
        "roc_auc": {
            "mean": 0.5026666666666666,
            "std": 0.030037014202850123
        }
    },
    "Breast invasive carcinoma": {
        "accuracy": {
            "mean": 0.3872340425531915,
            "std": 0.01780127716029946
        },
        "precision": {
            "mean": 0.3392209336901576,
            "std": 0.012266329655961344
        },
        "recall": {
            "mean": 0.5025641025641026,
            "std": 0.014044168141158084
        },
        "f1": {
            "mean": 0.405017006802721,
            "std": 0.012880618258287138
        },
        "roc_auc": {
            "mean": 0.404009324009324,
            "std": 0.016823959869869155
        }
    },
    "Cholangiocarcinoma": {
        "accuracy": {
            "mean": 0.8,
            "std": 0.0
        },
        "precision": {
            "mean": 0.0,
            "std": 0.0
        },
        "recall": {
            "mean": 0.0,
            "std": 0.0
        },
        "f1": {
            "mean": 0.0,
            "std": 0.0
        },
        "roc_auc": {
            "mean": 0.5,
            "std": 0.0
        }
    },
    "Colon adenocarcinoma": {
        "accuracy": {
            "mean": 0.65,
            "std": 0.013975424859373685
        },
        "precision": {
            "mean": 0.6252631578947369,
            "std": 0.014122534594735508
        },
        "recall": {
            "mean": 0.75,
            "std": 0.0
        },
        "f1": {
            "mean": 0.6819047619047619,
            "std": 0.008518354199999268
        },
        "roc_auc": {
            "mean": 0.65,
            "std": 0.013975424859373685
        }
    },
    "Esophageal carcinoma": {
        "accuracy": {
            "mean": 0.5733333333333334,
            "std": 0.036514837167011066
        },
        "precision": {
            "mean": 0.6285714285714284,
            "std": 0.0521640530957301
        },
        "recall": {
            "mean": 0.5,
            "std": 0.0
        },
        "f1": {
            "mean": 0.5561904761904762,
            "std": 0.02086562123829209
        },
        "roc_auc": {
            "mean": 0.5785714285714285,
            "std": 0.039123039821797566
        }
    },
    "Head and Neck squamous cell carcinoma": {
        "accuracy": {
            "mean": 0.6222222222222222,
            "std": 0.02721655269759091
        },
        "precision": {
            "mean": 0.5393846153846154,
            "std": 0.02450938716434172
        },
        "recall": {
            "mean": 0.7157894736842105,
            "std": 0.04707511531578504
        },
        "f1": {
            "mean": 0.6150622504110876,
            "std": 0.03259687110245736
        },
        "roc_auc": {
            "mean": 0.6348178137651821,
            "std": 0.029451528243171234
        }
    },
    "Kidney Chromophobe": {
        "accuracy": {
            "mean": 0.41818181818181815,
            "std": 0.0497929597731969
        },
        "precision": {
            "mean": 0.32,
            "std": 0.018257418583505533
        },
        "recall": {
            "mean": 1.0,
            "std": 0.0
        },
        "f1": {
            "mean": 0.48461538461538456,
            "std": 0.021066252211737174
        },
        "roc_auc": {
            "mean": 0.6,
            "std": 0.03423265984407289
        }
    },
    "Kidney renal clear cell carcinoma": {
        "accuracy": {
            "mean": 0.5833333333333334,
            "std": 0.0
        },
        "precision": {
            "mean": 0.5698841698841699,
            "std": 0.0021147589092863515
        },
        "recall": {
            "mean": 0.8160000000000001,
            "std": 0.021908902300206604
        },
        "f1": {
            "mean": 0.6709677419354839,
            "std": 0.005889489865647003
        },
        "roc_auc": {
            "mean": 0.5732173913043479,
            "std": 0.0009525609695742451
        }
    },
    "Kidney renal papillary cell carcinoma": {
        "accuracy": {
            "mean": 0.36969696969696975,
            "std": 0.025353334137396225
        },
        "precision": {
            "mean": 0.30423280423280424,
            "std": 0.0162811291337185
        },
        "recall": {
            "mean": 0.8400000000000001,
            "std": 0.0547722557505166
        },
        "f1": {
            "mean": 0.44665718349928873,
            "std": 0.02510577893986175
        },
        "roc_auc": {
            "mean": 0.5026086956521739,
            "std": 0.03258694927052735
        }
    },
    "Liver hepatocellular carcinoma": {
        "accuracy": {
            "mean": 0.5307692307692308,
            "std": 0.04213250442347429
        },
        "precision": {
            "mean": 0.43653250773993807,
            "std": 0.03391470944304434
        },
        "recall": {
            "mean": 0.78,
            "std": 0.10954451150103325
        },
        "f1": {
            "mean": 0.5593869731800767,
            "std": 0.05596143627128137
        },
        "roc_auc": {
            "mean": 0.5774999999999999,
            "std": 0.0547722557505166
        }
    },
    "Lung adenocarcinoma": {
        "accuracy": {
            "mean": 0.41052631578947374,
            "std": 0.02353755765789252
        },
        "precision": {
            "mean": 0.372806324110672,
            "std": 0.026377514110253648
        },
        "recall": {
            "mean": 0.47058823529411764,
            "std": 0.05882352941176472
        },
        "f1": {
            "mean": 0.41571032571032573,
            "std": 0.03902913518559905
        },
        "roc_auc": {
            "mean": 0.41624649859943974,
            "std": 0.02617212017209654
        }
    },
    "Lung squamous cell carcinoma": {
        "accuracy": {
            "mean": 0.4912280701754386,
            "std": 0.021486752129677
        },
        "precision": {
            "mean": 0.41146459780606126,
            "std": 0.013360668487221559
        },
        "recall": {
            "mean": 0.7363636363636363,
            "std": 0.020327890704543525
        },
        "f1": {
            "mean": 0.5277807298978054,
            "std": 0.012612372767162735
        },
        "roc_auc": {
            "mean": 0.5367532467532466,
            "std": 0.017899006418347376
        }
    },
    "Mesothelioma": {
        "accuracy": {
            "mean": 0.9333333333333333,
            "std": 0.09128709291752767
        },
        "precision": {
            "mean": 0.6,
            "std": 0.5477225575051662
        },
        "recall": {
            "mean": 0.6,
            "std": 0.5477225575051662
        },
        "f1": {
            "mean": 0.6,
            "std": 0.5477225575051662
        },
        "roc_auc": {
            "mean": 0.8,
            "std": 0.27386127875258304
        }
    },
    "Pancreatic adenocarcinoma": {
        "accuracy": {
            "mean": 0.6782608695652174,
            "std": 0.03888813873912674
        },