{
    "Adrenocortical carcinoma": {
        "accuracy": {
            "mean": 0.6333333333333332,
            "std": 0.07453559924999298
        },
        "precision": {
            "mean": 0.26666666666666666,
            "std": 0.14907119849998599
        },
        "recall": {
            "mean": 0.8,
            "std": 0.44721359549995804
        },
        "f1": {
            "mean": 0.4,
            "std": 0.22360679774997902
        },
        "roc_auc": {
            "mean": 0.7,
            "std": 0.22360679774997896
        }
    },
    "Bladder Urothelial Carcinoma": {
        "accuracy": {
            "mean": 0.615,
            "std": 0.013693063937629165
        },
        "precision": {
            "mean": 0.4882352941176471,
            "std": 0.016109486985446064
        },
        "recall": {
            "mean": 0.5333333333333333,
            "std": 0.0
        },
        "f1": {
            "mean": 0.5096774193548387,
            "std": 0.008834234798470474
        },
        "roc_auc": {
            "mean": 0.5986666666666667,
            "std": 0.010954451150103272
        }
    },
    "Breast invasive carcinoma": {
        "accuracy": {
            "mean": 0.4574468085106383,
            "std": 0.01682062585195947
        },
        "precision": {
            "mean": 0.34688259109311737,
            "std": 0.020137356921409614
        },
        "recall": {
            "mean": 0.3487179487179487,
            "std": 0.0229340305384594
        },
        "f1": {
            "mean": 0.3477661578927402,
            "std": 0.021252570099717864
        },
        "roc_auc": {
            "mean": 0.4416317016317016,
            "std": 0.017392620462690224
        }
    },
    "Cholangiocarcinoma": {
        "accuracy": {
            "mean": 0.8,
            "std": 0.0
        },
        "precision": {
            "mean": 0.0,
            "std": 0.0
        },
        "recall": {
            "mean": 0.0,
            "std": 0.0
        },
        "f1": {
            "mean": 0.0,
            "std": 0.0
        },
        "roc_auc": {
            "mean": 0.5,
            "std": 0.0
        }
    },
    "Colon adenocarcinoma": {
        "accuracy": {
            "mean": 0.63125,
            "std": 0.013975424859373685
        },
        "precision": {
            "mean": 0.6333333333333333,
            "std": 0.01863389981249823
        },
        "recall": {
            "mean": 0.625,
            "std": 0.0
        },
        "f1": {
            "mean": 0.6290322580645161,
            "std": 0.009016403135079789
        },
        "roc_auc": {
            "mean": 0.63125,
            "std": 0.013975424859373685
        }
    },
    "Esophageal carcinoma": {
        "accuracy": {
            "mean": 0.6266666666666667,
            "std": 0.036514837167011066
        },
        "precision": {
            "mean": 0.6857142857142857,
            "std": 0.026082026547865084
        },
        "recall": {
            "mean": 0.55,
            "std": 0.06846531968814577
        },
        "f1": {
            "mean": 0.6095238095238096,
            "std": 0.052164053095730044
        },
        "roc_auc": {
            "mean": 0.6321428571428572,
            "std": 0.03423265984407294
        }
    },
    "Head and Neck squamous cell carcinoma": {
        "accuracy": {
            "mean": 0.5866666666666667,
            "std": 0.046080980785172726
        },
        "precision": {
            "mean": 0.5057601183459306,
            "std": 0.04983088786821335
        },
        "recall": {
            "mean": 0.5578947368421053,
            "std": 0.10913916501751433
        },
        "f1": {
            "mean": 0.5294230963037125,
            "std": 0.07701859767052555
        },
        "roc_auc": {
            "mean": 0.5827935222672065,
            "std": 0.05431932673848867
        }
    },
    "Kidney Chromophobe": {
        "accuracy": {
            "mean": 0.41818181818181815,
            "std": 0.0497929597731969
        },
        "precision": {
            "mean": 0.29999999999999993,
            "std": 0.04564354645876383
        },
        "recall": {
            "mean": 0.8666666666666666,
            "std": 0.18257418583505539
        },
        "f1": {
            "mean": 0.4454545454545455,
            "std": 0.07468943965979537
        },
        "roc_auc": {
            "mean": 0.5583333333333333,
            "std": 0.0912870929175277
        }
    },
    "Kidney renal clear cell carcinoma": {
        "accuracy": {
            "mean": 0.6083333333333333,
            "std": 0.02282177322938193
        },
        "precision": {
            "mean": 0.596276091081594,
            "std": 0.016932259136135483
        },
        "recall": {
            "mean": 0.768,
            "std": 0.03346640106136305
        },
        "f1": {
            "mean": 0.6711821927700606,
            "std": 0.021352803221089064
        },
        "roc_auc": {
            "mean": 0.6013913043478261,
            "std": 0.022722123492980306
        }
    },
    "Kidney renal papillary cell carcinoma": {
        "accuracy": {
            "mean": 0.40606060606060607,
            "std": 0.016597653257732322
        },
        "precision": {
            "mean": 0.32069597069597067,
            "std": 0.01282705223069092
        },
        "recall": {
            "mean": 0.86,
            "std": 0.0547722557505166
        },
        "f1": {
            "mean": 0.4671092144776354,
            "std": 0.02133993624267088
        },
        "roc_auc": {
            "mean": 0.5343478260869565,
            "std": 0.025042496961450816
        }
    },
    "Liver hepatocellular carcinoma": {
        "accuracy": {
            "mean": 0.5076923076923077,
            "std": 0.017200522903844526
        },
        "precision": {
            "mean": 0.40750000000000003,
            "std": 0.016770509831248413
        },
        "recall": {
            "mean": 0.62,
            "std": 0.04472135954999579
        },
        "f1": {
            "mean": 0.49169230769230765,
            "std": 0.026144794813843696
        },
        "roc_auc": {
            "mean": 0.5287499999999999,
            "std": 0.022360679774997866
        }
    },
    "Lung adenocarcinoma": {
        "accuracy": {
            "mean": 0.43157894736842106,
            "std": 0.01441375151329386
        },
        "precision": {
            "mean": 0.3885714285714285,
            "std": 0.010432810619146046
        },
        "recall": {
            "mean": 0.47058823529411764,
            "std": 0.0
        },
        "f1": {
            "mean": 0.4256045519203414,
            "std": 0.006232973627370307
        },
        "roc_auc": {
            "mean": 0.4352941176470589,
            "std": 0.013041013273932542
        }
    },
    "Lung squamous cell carcinoma": {
        "accuracy": {
            "mean": 0.5157894736842106,
            "std": 0.01569170510526168
        },
        "precision": {
            "mean": 0.4212418300653595,
            "std": 0.013143187942607963
        },
        "recall": {
            "mean": 0.6818181818181818,
            "std": 0.03214121732666126
        },
        "f1": {
            "mean": 0.5206896551724138,
            "std": 0.018886984741557443
        },
        "roc_auc": {
            "mean": 0.5466233766233767,
            "std": 0.01787425390347347
        }
    },
    "Mesothelioma": {
        "accuracy": {
            "mean": 0.8333333333333334,
            "std": 0.0
        },
        "precision": {
            "mean": 0.0,
            "std": 0.0
        },
        "recall": {
            "mean": 0.0,
            "std": 0.0
        },
        "f1": {
            "mean": 0.0,
            "std": 0.0
        },
        "roc_auc": {
            "mean": 0.5,
            "std": 0.0
        }
    },
    "Pancreatic adenocarcinoma": {
        "accuracy": {
            "mean": 0.5826086956521739,
            "std": 0.038888138739126804
        },