{
    "Adrenocortical carcinoma": {
        "accuracy": {
            "mean": 0.6666666666666666,
            "std": 0.0
        },
        "precision": {
            "mean": 0.0,
            "std": 0.0
        },
        "recall": {
            "mean": 0.0,
            "std": 0.0
        },
        "f1": {
            "mean": 0.0,
            "std": 0.0
        },
        "roc_auc": {
            "mean": 0.4,
            "std": 0.0
        }
    },
    "Bladder Urothelial Carcinoma": {
        "accuracy": {
            "mean": 0.6100000000000001,
            "std": 0.028504385627478472
        },
        "precision": {
            "mean": 0.4688888888888888,
            "std": 0.055630803034842094
        },
        "recall": {
            "mean": 0.30666666666666664,
            "std": 0.059628479399994404
        },
        "f1": {
            "mean": 0.36946265328874023,
            "std": 0.056849763774680026
        },
        "roc_auc": {
            "mean": 0.5493333333333332,
            "std": 0.03218004902972578
        }
    },
    "Breast invasive carcinoma": {
        "accuracy": {
            "mean": 0.5063829787234042,
            "std": 0.025620413997430397
        },
        "precision": {
            "mean": 0.4061336032388664,
            "std": 0.030069894593564316
        },
        "recall": {
            "mean": 0.41025641025641024,
            "std": 0.03140371465106639
        },
        "f1": {
            "mean": 0.40814122586274487,
            "std": 0.03035645390636628
        },
        "roc_auc": {
            "mean": 0.4924009324009324,
            "std": 0.02620465503350896
        }
    },
    "Cholangiocarcinoma": {
        "accuracy": {
            "mean": 1.0,
            "std": 0.0
        },
        "precision": {
            "mean": 1.0,
            "std": 0.0
        },
        "recall": {
            "mean": 1.0,
            "std": 0.0
        },
        "f1": {
            "mean": 1.0,
            "std": 0.0
        },
        "roc_auc": {
            "mean": 1.0,
            "std": 0.0
        }
    },
    "Colon adenocarcinoma": {
        "accuracy": {
            "mean": 0.55625,
            "std": 0.04635124054434789
        },
        "precision": {
            "mean": 0.5719780219780219,
            "std": 0.062047108595070885
        },
        "recall": {
            "mean": 0.4625,
            "std": 0.03423265984407288
        },
        "f1": {
            "mean": 0.5108374384236454,
            "std": 0.04193530088463784
        },
        "roc_auc": {
            "mean": 0.55625,
            "std": 0.04635124054434789
        }
    },
    "Esophageal carcinoma": {
        "accuracy": {
            "mean": 0.5866666666666667,
            "std": 0.029814239699997188
        },
        "precision": {
            "mean": 0.7333333333333333,
            "std": 0.03726779962499651
        },
        "recall": {
            "mean": 0.35,
            "std": 0.055901699437494734
        },
        "f1": {
            "mean": 0.4727272727272728,
            "std": 0.06098367211363063
        },
        "roc_auc": {
            "mean": 0.6035714285714286,
            "std": 0.027950849718747322
        }
    },
    "Head and Neck squamous cell carcinoma": {
        "accuracy": {
            "mean": 0.47555555555555556,
            "std": 0.012171612389003678
        },
        "precision": {
            "mean": 0.2333333333333333,
            "std": 0.015214515486254621
        },
        "recall": {
            "mean": 0.10526315789473684,
            "std": 0.0
        },
        "f1": {
            "mean": 0.14497354497354498,
            "std": 0.0028980029497627834
        },
        "roc_auc": {
            "mean": 0.4257085020242915,
            "std": 0.010533126105868512
        }
    },
    "Kidney Chromophobe": {
        "accuracy": {
            "mean": 0.41818181818181815,
            "std": 0.04979295977319691
        },
        "precision": {
            "mean": 0.25476190476190474,
            "std": 0.05161781759209238
        },
        "recall": {
            "mean": 0.5999999999999999,
            "std": 0.14907119849998599
        },
        "f1": {
            "mean": 0.35717171717171714,
            "std": 0.07706481569285492
        },
        "roc_auc": {
            "mean": 0.4749999999999999,
            "std": 0.07276770498572073
        }
    },
    "Kidney renal clear cell carcinoma": {
        "accuracy": {
            "mean": 0.6416666666666666,
            "std": 0.022821773229381934
        },
        "precision": {
            "mean": 0.638177339901478,
            "std": 0.018149885149695136
        },
        "recall": {
            "mean": 0.7200000000000001,
            "std": 0.028284271247461888
        },
        "f1": {
            "mean": 0.6765897973445143,
            "std": 0.022287612173501805
        },
        "roc_auc": {
            "mean": 0.6382608695652173,
            "std": 0.022625411880448157
        }
    },
    "Kidney renal papillary cell carcinoma": {
        "accuracy": {
            "mean": 0.5575757575757575,
            "std": 0.03455077045754966
        },
        "precision": {
            "mean": 0.3710698314413485,
            "std": 0.030550364415895467
        },
        "recall": {
            "mean": 0.6599999999999999,
            "std": 0.0547722557505166
        },
        "f1": {
            "mean": 0.4748586024448094,
            "std": 0.03764376410149533
        },
        "roc_auc": {
            "mean": 0.5865217391304348,
            "std": 0.0375086631455199
        }
    },
    "Liver hepatocellular carcinoma": {
        "accuracy": {
            "mean": 0.5307692307692308,
            "std": 0.042132504423474285
        },
        "precision": {
            "mean": 0.43083333333333335,
            "std": 0.0336701730847282
        },
        "recall": {
            "mean": 0.68,
            "std": 0.04472135954999579
        },
        "f1": {
            "mean": 0.5273846153846153,
            "std": 0.03797227266209203
        },
        "roc_auc": {
            "mean": 0.5587500000000001,
            "std": 0.04206579667615957
        }
    },
    "Lung adenocarcinoma": {
        "accuracy": {
            "mean": 0.45789473684210524,
            "std": 0.030004616449977317
        },
        "precision": {
            "mean": 0.39044117647058824,
            "std": 0.033735499255748404
        },
        "recall": {
            "mean": 0.3764705882352941,
            "std": 0.0322189739708921
        },
        "f1": {
            "mean": 0.38324420677361853,
            "std": 0.0323321874281944
        },
        "roc_auc": {
            "mean": 0.450140056022409,
            "std": 0.02988481786751934
        }
    },
    "Lung squamous cell carcinoma": {
        "accuracy": {
            "mean": 0.4631578947368421,
            "std": 0.01569170510526168
        },
        "precision": {
            "mean": 0.3255384615384615,
            "std": 0.011526489515557972
        },
        "recall": {
            "mean": 0.36363636363636365,
            "std": 0.0
        },
        "f1": {
            "mean": 0.3434474252235585,
            "std": 0.006498937021698645
        },
        "roc_auc": {
            "mean": 0.4446753246753247,
            "std": 0.01277753129999883
        }
    },
    "Mesothelioma": {
        "accuracy": {
            "mean": 1.0,
            "std": 0.0
        },
        "precision": {
            "mean": 1.0,
            "std": 0.0
        },
        "recall": {
            "mean": 1.0,
            "std": 0.0
        },
        "f1": {
            "mean": 1.0,
            "std": 0.0
        },
        "roc_auc": {
            "mean": 1.0,
            "std": 0.0
        }
    },
    "Pancreatic adenocarcinoma": {
        "accuracy": {
            "mean": 0.6,
            "std": 0.03637652289278592
        },
        "precision": {
            "mean": 0.24666666666666667,