{
    "Adrenocortical carcinoma": {
        "accuracy": {
            "mean": 0.6333333333333332,
            "std": 0.07453559924999298
        },
        "precision": {
            "mean": 0.26666666666666666,
            "std": 0.14907119849998599
        },
        "recall": {
            "mean": 0.8,
            "std": 0.44721359549995804
        },
        "f1": {
            "mean": 0.4,
            "std": 0.22360679774997902
        },
        "roc_auc": {
            "mean": 0.7,
            "std": 0.22360679774997896
        }
    },
    "Bladder Urothelial Carcinoma": {
        "accuracy": {
            "mean": 0.5799999999999998,
            "std": 0.011180339887498959
        },
        "precision": {
            "mean": 0.45473684210526316,
            "std": 0.010591900946051619
        },
        "recall": {
            "mean": 0.6,
            "std": 0.0
        },
        "f1": {
            "mean": 0.5173109243697479,
            "std": 0.006764575394116986
        },
        "roc_auc": {
            "mean": 0.5840000000000001,
            "std": 0.008944271909999116
        }
    },
    "Breast invasive carcinoma": {
        "accuracy": {
            "mean": 0.49787234042553186,
            "std": 0.008900638580149733
        },
        "precision": {
            "mean": 0.39387460334828756,
            "std": 0.009255938620458159
        },
        "recall": {
            "mean": 0.38974358974358975,
            "std": 0.011467015269229676
        },
        "f1": {
            "mean": 0.3917282584171325,
            "std": 0.008551987915536564
        },
        "roc_auc": {
            "mean": 0.4821445221445222,
            "std": 0.008001485943903815
        }
    },
    "Cholangiocarcinoma": {
        "accuracy": {
            "mean": 0.8,
            "std": 0.0
        },
        "precision": {
            "mean": 0.0,
            "std": 0.0
        },
        "recall": {
            "mean": 0.0,
            "std": 0.0
        },
        "f1": {
            "mean": 0.0,
            "std": 0.0
        },
        "roc_auc": {
            "mean": 0.5,
            "std": 0.0
        }
    },
    "Colon adenocarcinoma": {
        "accuracy": {
            "mean": 0.575,
            "std": 0.01711632992203644
        },
        "precision": {
            "mean": 0.6045454545454546,
            "std": 0.029045893201031507
        },
        "recall": {
            "mean": 0.4375,
            "std": 0.0
        },
        "f1": {
            "mean": 0.5074074074074074,
            "std": 0.010143010324169728
        },
        "roc_auc": {
            "mean": 0.575,
            "std": 0.01711632992203644
        }
    },
    "Esophageal carcinoma": {
        "accuracy": {
            "mean": 0.6133333333333334,
            "std": 0.02981423969999719
        },
        "precision": {
            "mean": 0.6761904761904761,
            "std": 0.02129588549999802
        },
        "recall": {
            "mean": 0.525,
            "std": 0.055901699437494734
        },
        "f1": {
            "mean": 0.5904761904761906,
            "std": 0.04259177099999594
        },
        "roc_auc": {
            "mean": 0.6196428571428572,
            "std": 0.027950849718747423
        }
    },
    "Head and Neck squamous cell carcinoma": {
        "accuracy": {
            "mean": 0.5644444444444444,
            "std": 0.012171612389003647
        },
        "precision": {
            "mean": 0.48359133126934983,
            "std": 0.01503222710378975
        },
        "recall": {
            "mean": 0.46315789473684205,
            "std": 0.023537557657892522
        },
        "f1": {
            "mean": 0.47295716769400975,
            "std": 0.017176419181855456
        },
        "roc_auc": {
            "mean": 0.5508097165991902,
            "std": 0.012175234116352724
        }
    },
    "Kidney Chromophobe": {
        "accuracy": {
            "mean": 0.41818181818181815,
            "std": 0.0497929597731969
        },
        "precision": {
            "mean": 0.29999999999999993,
            "std": 0.04564354645876384
        },
        "recall": {
            "mean": 0.8666666666666666,
            "std": 0.18257418583505539
        },
        "f1": {
            "mean": 0.4454545454545455,
            "std": 0.07468943965979537
        },
        "roc_auc": {
            "mean": 0.5583333333333333,
            "std": 0.09128709291752769
        }
    },
    "Kidney renal clear cell carcinoma": {
        "accuracy": {
            "mean": 0.5625,
            "std": 0.014731391274719766
        },
        "precision": {
            "mean": 0.5494112391673367,
            "std": 0.00802396164376851
        },
        "recall": {
            "mean": 0.8880000000000001,
            "std": 0.03346640106136305
        },
        "f1": {
            "mean": 0.6787266029989911,
            "std": 0.015049817043990752
        },
        "roc_auc": {
            "mean": 0.5483478260869565,
            "std": 0.014163506449104957
        }
    },
    "Kidney renal papillary cell carcinoma": {
        "accuracy": {
            "mean": 0.3939393939393939,
            "std": 0.0
        },
        "precision": {
            "mean": 0.3076923076923077,
            "std": 0.0
        },
        "recall": {
            "mean": 0.8,
            "std": 0.0
        },
        "f1": {
            "mean": 0.4444444444444445,
            "std": 6.206335383118183e-17
        },
        "roc_auc": {
            "mean": 0.508695652173913,
            "std": 0.0
        }
    },
    "Liver hepatocellular carcinoma": {
        "accuracy": {
            "mean": 0.5,
            "std": 0.0
        },
        "precision": {
            "mean": 0.4117647058823529,
            "std": 0.0
        },
        "recall": {
            "mean": 0.7,
            "std": 0.0
        },
        "f1": {
            "mean": 0.5185185185185185,
            "std": 0.0
        },
        "roc_auc": {
            "mean": 0.5375,
            "std": 0.0
        }
    },
    "Lung adenocarcinoma": {
        "accuracy": {
            "mean": 0.37894736842105264,
            "std": 0.01441375151329386
        },
        "precision": {
            "mean": 0.34272727272727266,
            "std": 0.01373700237168866
        },
        "recall": {
            "mean": 0.4235294117647058,
            "std": 0.02630668208823283
        },
        "f1": {
            "mean": 0.378779589305905,
            "std": 0.018116629608308843
        },
        "roc_auc": {
            "mean": 0.38319327731092434,
            "std": 0.014709216642146899
        }
    },
    "Lung squamous cell carcinoma": {
        "accuracy": {
            "mean": 0.4666666666666667,
            "std": 0.01569170510526168
        },
        "precision": {
            "mean": 0.38171600171600173,
            "std": 0.015249031307846383
        },
        "recall": {
            "mean": 0.6181818181818182,
            "std": 0.04065578140908705
        },
        "f1": {
            "mean": 0.47193084991848416,
            "std": 0.02345583155386556
        },
        "roc_auc": {
            "mean": 0.49480519480519475,
            "std": 0.020327890704543494
        }
    },
    "Mesothelioma": {
        "accuracy": {
            "mean": 0.8333333333333334,
            "std": 0.0
        },
        "precision": {
            "mean": 0.0,
            "std": 0.0
        },
        "recall": {
            "mean": 0.0,
            "std": 0.0
        },
        "f1": {
            "mean": 0.0,
            "std": 0.0
        },
        "roc_auc": {
            "mean": 0.5,
            "std": 0.0
        }
    },
    "Pancreatic adenocarcinoma": {
        "accuracy": {
            "mean": 0.6260869565217393,
            "std": 0.023814024239355035
        },
        "precision": {
            "mean": 0.39642857142857146,
            "std": 0.029342279866348173
        },