{
    "Adrenocortical carcinoma": {
        "accuracy": {
            "mean": 0.5333333333333333,
            "std": 0.07453559924999298
        },
        "precision": {
            "mean": 0.0,
            "std": 0.0
        },
        "recall": {
            "mean": 0.0,
            "std": 0.0
        },
        "f1": {
            "mean": 0.0,
            "std": 0.0
        },
        "roc_auc": {
            "mean": 0.32,
            "std": 0.044721359549995815
        }
    },
    "Bladder Urothelial Carcinoma": {
        "accuracy": {
            "mean": 0.575,
            "std": 0.0
        },
        "precision": {
            "mean": 0.4444444444444445,
            "std": 6.206335383118183e-17
        },
        "recall": {
            "mean": 0.5333333333333333,
            "std": 0.0
        },
        "f1": {
            "mean": 0.48484848484848475,
            "std": 6.206335383118183e-17
        },
        "roc_auc": {
            "mean": 0.5666666666666667,
            "std": 0.0
        }
    },
    "Breast invasive carcinoma": {
        "accuracy": {
            "mean": 0.4787234042553192,
            "std": 0.0
        },
        "precision": {
            "mean": 0.35294117647058826,
            "std": 0.0
        },
        "recall": {
            "mean": 0.3076923076923077,
            "std": 0.0
        },
        "f1": {
            "mean": 0.3287671232876712,
            "std": 0.0
        },
        "roc_auc": {
            "mean": 0.45384615384615384,
            "std": 0.0
        }
    },
    "Cholangiocarcinoma": {
        "accuracy": {
            "mean": 0.8,
            "std": 0.0
        },
        "precision": {
            "mean": 0.0,
            "std": 0.0
        },
        "recall": {
            "mean": 0.0,
            "std": 0.0
        },
        "f1": {
            "mean": 0.0,
            "std": 0.0
        },
        "roc_auc": {
            "mean": 0.5,
            "std": 0.0
        }
    },
    "Colon adenocarcinoma": {
        "accuracy": {
            "mean": 0.53125,
            "std": 0.0
        },
        "precision": {
            "mean": 0.5333333333333333,
            "std": 0.0
        },
        "recall": {
            "mean": 0.5,
            "std": 0.0
        },
        "f1": {
            "mean": 0.5161290322580646,
            "std": 0.0
        },
        "roc_auc": {
            "mean": 0.53125,
            "std": 0.0
        }
    },
    "Esophageal carcinoma": {
        "accuracy": {
            "mean": 0.49333333333333335,
            "std": 0.036514837167011066
        },
        "precision": {
            "mean": 0.54,
            "std": 0.0547722557505166
        },
        "recall": {
            "mean": 0.3,
            "std": 0.06846531968814576
        },
        "f1": {
            "mean": 0.3846153846153846,
            "std": 0.07022084070579052
        },
        "roc_auc": {
            "mean": 0.5071428571428572,
            "std": 0.034232659844072914
        }
    },
    "Head and Neck squamous cell carcinoma": {
        "accuracy": {
            "mean": 0.5244444444444444,
            "std": 0.01217161238900371
        },
        "precision": {
            "mean": 0.41098901098901097,
            "std": 0.02407571681341387
        },
        "recall": {
            "mean": 0.2947368421052632,
            "std": 0.028827503026587688
        },
        "f1": {
            "mean": 0.34318181818181814,
            "std": 0.02800853987242327
        },
        "roc_auc": {
            "mean": 0.49352226720647774,
            "std": 0.01441375151329389
        }
    },
    "Kidney Chromophobe": {
        "accuracy": {
            "mean": 0.4545454545454545,
            "std": 6.206335383118183e-17
        },
        "precision": {
            "mean": 0.3333333333333333,
            "std": 0.0
        },
        "recall": {
            "mean": 1.0,
            "std": 0.0
        },
        "f1": {
            "mean": 0.5,
            "std": 0.0
        },
        "roc_auc": {
            "mean": 0.625,
            "std": 0.0
        }
    },
    "Kidney renal clear cell carcinoma": {
        "accuracy": {
            "mean": 0.6208333333333333,
            "std": 0.009316949906249141
        },
        "precision": {
            "mean": 0.5976470588235294,
            "std": 0.005261336417646545
        },
        "recall": {
            "mean": 0.8320000000000001,
            "std": 0.017888543819998284
        },
        "f1": {
            "mean": 0.6955932203389832,
            "std": 0.009853858883897372
        },
        "roc_auc": {
            "mean": 0.6116521739130434,
            "std": 0.008944271909999116
        }
    },
    "Kidney renal papillary cell carcinoma": {
        "accuracy": {
            "mean": 0.24242424242424243,
            "std": 0.0
        },
        "precision": {
            "mean": 0.17391304347826086,
            "std": 0.0
        },
        "recall": {
            "mean": 0.4,
            "std": 0.0
        },
        "f1": {
            "mean": 0.24242424242424243,
            "std": 0.0
        },
        "roc_auc": {
            "mean": 0.28695652173913044,
            "std": 0.0
        }
    },
    "Liver hepatocellular carcinoma": {
        "accuracy": {
            "mean": 0.40769230769230774,
            "std": 0.034401045807689073
        },
        "precision": {
            "mean": 0.2782051282051282,
            "std": 0.03967114986350206
        },
        "recall": {
            "mean": 0.33999999999999997,
            "std": 0.05477225575051663
        },
        "f1": {
            "mean": 0.30592885375494067,
            "std": 0.04580548491958303
        },
        "roc_auc": {
            "mean": 0.39499999999999996,
            "std": 0.0376040223912283
        }
    },
    "Lung adenocarcinoma": {
        "accuracy": {
            "mean": 0.41578947368421054,
            "std": 0.011768778828946249
        },
        "precision": {
            "mean": 0.3614035087719298,
            "std": 0.01569170510526168
        },
        "recall": {
            "mean": 0.4,
            "std": 0.026306682088232797
        },
        "f1": {
            "mean": 0.3796825396825397,
            "std": 0.020586022649998065
        },
        "roc_auc": {
            "mean": 0.41428571428571426,
            "std": 0.013153341044116362
        }
    },
    "Lung squamous cell carcinoma": {
        "accuracy": {
            "mean": 0.5052631578947369,
            "std": 0.007845852552630865
        },
        "precision": {
            "mean": 0.3901477832512315,
            "std": 0.00605831225430978
        },
        "recall": {
            "mean": 0.5,
            "std": 0.0
        },
        "f1": {
            "mean": 0.4382745098039216,
            "std": 0.0038583133729408296
        },
        "roc_auc": {
            "mean": 0.5042857142857142,
            "std": 0.006388765649999377
        }
    },
    "Mesothelioma": {
        "accuracy": {
            "mean": 0.8666666666666668,
            "std": 0.07453559924999298
        },
        "precision": {
            "mean": 0.2,
            "std": 0.44721359549995804
        },
        "recall": {
            "mean": 0.2,
            "std": 0.44721359549995804
        },
        "f1": {
            "mean": 0.2,
            "std": 0.44721359549995804
        },
        "roc_auc": {
            "mean": 0.6,
            "std": 0.22360679774997902
        }
    },
    "Pancreatic adenocarcinoma": {
        "accuracy": {
            "mean": 0.6521739130434783,
            "std": 0.0
        },
        "precision": {
            "mean": 0.3333333333333333,
            "std": 0.0
        },
        "recall": {
            "mean": 0.14285714285714285,
            "std": 0.0
        },
        "f1": {
            "mean": 0.2,
            "std": 0.0
        },
        "roc_auc": {
            "mean": 0.5089285714285714,
            "std": 0.0
        }
    },