{
    "Adrenocortical carcinoma": {
        "accuracy": {
            "mean": 0.5,
            "std": 0.0
        },
        "precision": {
            "mean": 0.0,
            "std": 0.0
        },
        "recall": {
            "mean": 0.0,
            "std": 0.0
        },
        "f1": {
            "mean": 0.0,
            "std": 0.0
        },
        "roc_auc": {
            "mean": 0.3,
            "std": 0.0
        }
    },
    "Bladder Urothelial Carcinoma": {
        "accuracy": {
            "mean": 0.43,
            "std": 0.011180339887498959
        },
        "precision": {
            "mean": 0.3489230769230769,
            "std": 0.00619218824538403
        },
        "recall": {
            "mean": 0.6,
            "std": 0.0
        },
        "f1": {
            "mean": 0.44121951219512195,
            "std": 0.004908441901828811
        },
        "roc_auc": {
            "mean": 0.46399999999999997,
            "std": 0.008944271909999166
        }
    },
    "Breast invasive carcinoma": {
        "accuracy": {
            "mean": 0.5212765957446808,
            "std": 0.007522412565814346
        },
        "precision": {
            "mean": 0.4235273690793588,
            "std": 0.007850561396642695
        },
        "recall": {
            "mean": 0.4256410256410256,
            "std": 0.014044168141158117
        },
        "f1": {
            "mean": 0.424489202780342,
            "std": 0.008995800074592086
        },
        "roc_auc": {
            "mean": 0.5073659673659673,
            "std": 0.0067450201811075795
        }
    },
    "Cholangiocarcinoma": {
        "accuracy": {
            "mean": 0.6,
            "std": 0.0
        },
        "precision": {
            "mean": 0.3333333333333333,
            "std": 0.0
        },
        "recall": {
            "mean": 1.0,
            "std": 0.0
        },
        "f1": {
            "mean": 0.5,
            "std": 0.0
        },
        "roc_auc": {
            "mean": 0.75,
            "std": 0.0
        }
    },
    "Colon adenocarcinoma": {
        "accuracy": {
            "mean": 0.59375,
            "std": 0.0
        },
        "precision": {
            "mean": 0.5882352941176471,
            "std": 0.0
        },
        "recall": {
            "mean": 0.625,
            "std": 0.0
        },
        "f1": {
            "mean": 0.6060606060606061,
            "std": 0.0
        },
        "roc_auc": {
            "mean": 0.59375,
            "std": 0.0
        }
    },
    "Esophageal carcinoma": {
        "accuracy": {
            "mean": 0.6666666666666666,
            "std": 0.0
        },
        "precision": {
            "mean": 0.6666666666666666,
            "std": 0.0
        },
        "recall": {
            "mean": 0.75,
            "std": 0.0
        },
        "f1": {
            "mean": 0.7058823529411765,
            "std": 0.0
        },
        "roc_auc": {
            "mean": 0.6607142857142857,
            "std": 0.0
        }
    },
    "Head and Neck squamous cell carcinoma": {
        "accuracy": {
            "mean": 0.6177777777777778,
            "std": 0.00993807989999908
        },
        "precision": {
            "mean": 0.5373333333333333,
            "std": 0.009689627902499064
        },
        "recall": {
            "mean": 0.6842105263157895,
            "std": 0.0
        },
        "f1": {
            "mean": 0.6019027484143763,
            "std": 0.006145641375792204
        },
        "roc_auc": {
            "mean": 0.6267206477732793,
            "std": 0.008600261451922237
        }
    },
    "Kidney Chromophobe": {
        "accuracy": {
            "mean": 0.36363636363636365,
            "std": 0.0
        },
        "precision": {
            "mean": 0.3,
            "std": 0.0
        },
        "recall": {
            "mean": 1.0,
            "std": 0.0
        },
        "f1": {
            "mean": 0.4615384615384615,
            "std": 0.0
        },
        "roc_auc": {
            "mean": 0.5625,
            "std": 0.0
        }
    },
    "Kidney renal clear cell carcinoma": {
        "accuracy": {
            "mean": 0.6041666666666666,
            "std": 0.0
        },
        "precision": {
            "mean": 0.5789473684210527,
            "std": 0.0
        },
        "recall": {
            "mean": 0.8800000000000001,
            "std": 1.2412670766236366e-16
        },
        "f1": {
            "mean": 0.6984126984126985,
            "std": 0.0
        },
        "roc_auc": {
            "mean": 0.5921739130434782,
            "std": 0.0
        }
    },
    "Kidney renal papillary cell carcinoma": {
        "accuracy": {
            "mean": 0.4121212121212121,
            "std": 0.016597653257732322
        },
        "precision": {
            "mean": 0.32307692307692304,
            "std": 0.014044168141158086
        },
        "recall": {
            "mean": 0.86,
            "std": 0.0547722557505166
        },
        "f1": {
            "mean": 0.4696696696696696,
            "std": 0.023027374790006983
        },
        "roc_auc": {
            "mean": 0.538695652173913,
            "std": 0.02738612787525833
        }
    },
    "Liver hepatocellular carcinoma": {
        "accuracy": {
            "mean": 0.5384615384615384,
            "std": 0.0
        },
        "precision": {
            "mean": 0.4375,
            "std": 0.0
        },
        "recall": {
            "mean": 0.7,
            "std": 0.0
        },
        "f1": {
            "mean": 0.5384615384615384,
            "std": 0.0
        },
        "roc_auc": {
            "mean": 0.56875,
            "std": 0.0
        }
    },
    "Lung adenocarcinoma": {
        "accuracy": {
            "mean": 0.5263157894736842,
            "std": 0.0
        },
        "precision": {
            "mean": 0.47619047619047616,
            "std": 0.0
        },
        "recall": {
            "mean": 0.5882352941176471,
            "std": 0.0
        },
        "f1": {
            "mean": 0.5263157894736842,
            "std": 0.0
        },
        "roc_auc": {
            "mean": 0.5322128851540616,
            "std": 0.0
        }
    },
    "Lung squamous cell carcinoma": {
        "accuracy": {
            "mean": 0.4912280701754386,
            "std": 0.021486752129677024
        },
        "precision": {
            "mean": 0.40750629171681807,
            "std": 0.014998564279907284
        },
        "recall": {
            "mean": 0.7,
            "std": 0.0248964798865985
        },
        "f1": {
            "mean": 0.5150838195795128,
            "std": 0.01799609181805912
        },
        "roc_auc": {
            "mean": 0.5299999999999999,
            "std": 0.021168233598449614
        }
    },
    "Mesothelioma": {
        "accuracy": {
            "mean": 0.8333333333333334,
            "std": 0.0
        },
        "precision": {
            "mean": 0.0,
            "std": 0.0
        },
        "recall": {
            "mean": 0.0,
            "std": 0.0
        },
        "f1": {
            "mean": 0.0,
            "std": 0.0
        },
        "roc_auc": {
            "mean": 0.5,
            "std": 0.0
        }
    },
    "Pancreatic adenocarcinoma": {
        "accuracy": {
            "mean": 0.6782608695652174,
            "std": 0.023814024239355035
        },
        "precision": {
            "mean": 0.47777777777777775,
            "std": 0.030429030972509243
        },
        "recall": {
            "mean": 0.6571428571428571,
            "std": 0.07824607964359519
        },
        "f1": {
            "mean": 0.5529411764705883,
            "std": 0.04832846095633814
        },
        "roc_auc": {
            "mean": 0.6723214285714285,
            "std": 0.03912303982179762
        }
    },
    "Rectum adenocarcinoma": {
        "accuracy": {
            "mean": 0.5714285714285714,
            "std": 0.0
        },
        "precision": {
            "mean": 0.625,