{
    "Adrenocortical carcinoma": {
        "accuracy": {
            "mean": 0.9,
            "std": 0.09128709291752767
        },
        "precision": {
            "mean": 0.5,
            "std": 0.5
        },
        "recall": {
            "mean": 0.6,
            "std": 0.5477225575051662
        },
        "f1": {
            "mean": 0.5333333333333333,
            "std": 0.5055250296034367
        },
        "roc_auc": {
            "mean": 0.78,
            "std": 0.2588435821108957
        }
    },
    "Bladder Urothelial Carcinoma": {
        "accuracy": {
            "mean": 0.595,
            "std": 0.02091650066335191
        },
        "precision": {
            "mean": 0.4405122655122655,
            "std": 0.04523721780645974
        },
        "recall": {
            "mean": 0.29333333333333333,
            "std": 0.0760116950066092
        },
        "f1": {
            "mean": 0.34808749471418143,
            "std": 0.05804359266432267
        },
        "roc_auc": {
            "mean": 0.5346666666666666,
            "std": 0.020763215336529882
        }
    },
    "Breast invasive carcinoma": {
        "accuracy": {
            "mean": 0.676595744680851,
            "std": 0.022060043992901856
        },
        "precision": {
            "mean": 0.8014285714285714,
            "std": 0.060506179291261696
        },
        "recall": {
            "mean": 0.29230769230769227,
            "std": 0.0388865407387259
        },
        "f1": {
            "mean": 0.4278209396966333,
            "std": 0.04950996978066655
        },
        "roc_auc": {
            "mean": 0.6206993006993007,
            "std": 0.024236483941378967
        }
    },
    "Cholangiocarcinoma": {
        "accuracy": {
            "mean": 0.9199999999999999,
            "std": 0.1095445115010332
        },
        "precision": {
            "mean": 0.6,
            "std": 0.5477225575051662
        },
        "recall": {
            "mean": 0.6,
            "std": 0.5477225575051662
        },
        "f1": {
            "mean": 0.6,
            "std": 0.5477225575051662
        },
        "roc_auc": {
            "mean": 0.8,
            "std": 0.27386127875258304
        }
    },
    "Colon adenocarcinoma": {
        "accuracy": {
            "mean": 0.65,
            "std": 0.040745015032516554
        },
        "precision": {
            "mean": 0.830952380952381,
            "std": 0.06742237495068629
        },
        "recall": {
            "mean": 0.375,
            "std": 0.0625
        },
        "f1": {
            "mean": 0.5155467720685112,
            "std": 0.06977175629010272
        },
        "roc_auc": {
            "mean": 0.65,
            "std": 0.040745015032516554
        }
    },
    "Esophageal carcinoma": {
        "accuracy": {
            "mean": 0.7066666666666667,
            "std": 0.10110500592068734
        },
        "precision": {
            "mean": 1.0,
            "std": 0.0
        },
        "recall": {
            "mean": 0.45,
            "std": 0.18957188610128878
        },
        "f1": {
            "mean": 0.5982905982905982,
            "std": 0.21486846307652194
        },
        "roc_auc": {
            "mean": 0.725,
            "std": 0.09478594305064438
        }
    },
    "Head and Neck squamous cell carcinoma": {
        "accuracy": {
            "mean": 0.5866666666666667,
            "std": 0.05115939748098371
        },
        "precision": {
            "mean": 0.5075000000000001,
            "std": 0.06125773737097733
        },
        "recall": {
            "mean": 0.4947368421052632,
            "std": 0.09561001118202604
        },
        "f1": {
            "mean": 0.5003742203742203,
            "std": 0.0788678734684467
        },
        "roc_auc": {
            "mean": 0.5742914979757086,
            "std": 0.05682727438388391
        }
    },
    "Kidney Chromophobe": {
        "accuracy": {
            "mean": 0.7272727272727273,
            "std": 0.06428243465332252
        },
        "precision": {
            "mean": 0.5,
            "std": 0.07071067811865474
        },
        "recall": {
            "mean": 0.7333333333333332,
            "std": 0.149071198499986
        },
        "f1": {
            "mean": 0.592857142857143,
            "std": 0.09313146293146633
        },
        "roc_auc": {
            "mean": 0.7291666666666667,
            "std": 0.08589803386703461
        }
    },
    "Kidney renal clear cell carcinoma": {
        "accuracy": {
            "mean": 0.6500000000000001,
            "std": 0.009316949906249091
        },
        "precision": {
            "mean": 0.6963021519543258,
            "std": 0.016624660719283545
        },
        "recall": {
            "mean": 0.5840000000000001,
            "std": 0.04560701700396551
        },
        "f1": {
            "mean": 0.6340271592720874,
            "std": 0.0229353500693299
        },
        "roc_auc": {
            "mean": 0.6528695652173914,
            "std": 0.008484390203582944
        }
    },
    "Kidney renal papillary cell carcinoma": {
        "accuracy": {
            "mean": 0.8424242424242424,
            "std": 0.01355192713636235
        },
        "precision": {
            "mean": 0.7151515151515151,
            "std": 0.02710385427272475
        },
        "recall": {
            "mean": 0.8,
            "std": 0.0
        },
        "f1": {
            "mean": 0.754978354978355,
            "std": 0.015487916727271343
        },
        "roc_auc": {
            "mean": 0.8304347826086957,
            "std": 0.009722034684781687
        }
    },
    "Liver hepatocellular carcinoma": {
        "accuracy": {
            "mean": 0.7230769230769231,
            "std": 0.017200522903844526
        },
        "precision": {
            "mean": 0.79,
            "std": 0.022360679774997918
        },
        "recall": {
            "mean": 0.38,
            "std": 0.04472135954999581
        },
        "f1": {
            "mean": 0.5123809523809524,
            "std": 0.04685094809999563
        },
        "roc_auc": {
            "mean": 0.6587500000000001,
            "std": 0.02236067977499787
        }
    },
    "Lung adenocarcinoma": {
        "accuracy": {
            "mean": 0.6578947368421052,
            "std": 0.05263157894736842
        },
        "precision": {
            "mean": 0.706076146076146,
            "std": 0.11408158156499013
        },
        "recall": {
            "mean": 0.4235294117647058,
            "std": 0.02630668208823283
        },
        "f1": {
            "mean": 0.5272364672364673,
            "std": 0.0472597964928172
        },
        "roc_auc": {
            "mean": 0.6355742296918768,
            "std": 0.049063605704899343
        }
    },
    "Lung squamous cell carcinoma": {
        "accuracy": {
            "mean": 0.712280701754386,
            "std": 0.03637972167250475
        },
        "precision": {
            "mean": 0.6308695652173913,
            "std": 0.04171421357722964
        },
        "recall": {
            "mean": 0.6090909090909091,
            "std": 0.07606000241218872
        },
        "f1": {
            "mean": 0.619047619047619,
            "std": 0.05705460557336964
        },
        "roc_auc": {
            "mean": 0.6931168831168832,
            "std": 0.04299858595736538
        }
    },
    "Mesothelioma": {
        "accuracy": {
            "mean": 0.6333333333333333,
            "std": 0.07453559924999298
        },
        "precision": {
            "mean": 0.0,
            "std": 0.0
        },
        "recall": {
            "mean": 0.0,
            "std": 0.0
        },
        "f1": {
            "mean": 0.0,
            "std": 0.0
        },
        "roc_auc": {
            "mean": 0.38000000000000006,
            "std": 0.04472135954999581
        }
    },
    "Pancreatic adenocarcinoma": {
        "accuracy": {
            "mean": 0.6782608695652175,